claim_id,question,family,subject,measures,text,clause,citation,quoted_value,source_task,verdict_source,inherited_verdict,gate_evidence,gate_lint,gate_identification,gate_consistency,status,blocked_by,reason,audience,action,falsifier,depends_on,notes
vol-databricks,hiring_patterns,volume,databricks,"posting volume, 2023, four panel treatments","Databricks's 2023 posting volume reads as unresolved, and the four panel treatments spread 128.10 index points around it","treatments disagree, so the direction is a property of the panel treatment, not of the company",task-06-tables/volume-verdict.csv#spread@company=databricks,128.1,06,volume_treatments:task-06-tables/volume-verdict.csv#treatments_agree@company=databricks,False,True,True,False,True,refused,identification,False -> refused,strategy,none until the panel is balanced,a twelve-month panel in which all four treatments agree on the sign,,direction is inherited from Task 05's panel treatments
vol-google,hiring_patterns,volume,google,"posting volume, 2023, four panel treatments","Google's 2023 posting volume reads as growth, and the four panel treatments spread 99.05 index points around it","treatments disagree, so the direction is a property of the panel treatment, not of the company",task-06-tables/volume-verdict.csv#spread@company=google,99.05,06,volume_treatments:task-06-tables/volume-verdict.csv#treatments_agree@company=google,False,True,True,False,True,refused,identification,False -> refused,strategy,none until the panel is balanced,a twelve-month panel in which all four treatments agree on the sign,,direction is inherited from Task 05's panel treatments
vol-meta,hiring_patterns,volume,meta,"posting volume, 2023, four panel treatments","Meta's 2023 posting volume reads as growth, and the four panel treatments spread 135.59 index points around it",measured on the shared publisher panel only,task-06-tables/volume-verdict.csv#spread@company=meta,135.59,06,volume_treatments:task-06-tables/volume-verdict.csv#treatments_agree@company=meta,True,True,True,True,True,published_qualified,,True -> published_qualified,strategy,none until the panel is balanced,a twelve-month panel in which all four treatments agree on the sign,,direction is inherited from Task 05's panel treatments
vol-microsoft,hiring_patterns,volume,microsoft,"posting volume, 2023, four panel treatments","Microsoft's 2023 posting volume reads as growth, and the four panel treatments spread 80.93 index points around it","treatments disagree, so the direction is a property of the panel treatment, not of the company",task-06-tables/volume-verdict.csv#spread@company=microsoft,80.93,06,volume_treatments:task-06-tables/volume-verdict.csv#treatments_agree@company=microsoft,False,True,True,False,True,refused,identification,False -> refused,strategy,none until the panel is balanced,a twelve-month panel in which all four treatments agree on the sign,,direction is inherited from Task 05's panel treatments
vol-nvidia,hiring_patterns,volume,nvidia,"posting volume, 2023, four panel treatments","Nvidia's 2023 posting volume reads as decline, and the four panel treatments spread 27.38 index points around it","treatments disagree, so the direction is a property of the panel treatment, not of the company",task-06-tables/volume-verdict.csv#spread@company=nvidia,27.38,06,volume_treatments:task-06-tables/volume-verdict.csv#treatments_agree@company=nvidia,False,True,True,False,True,refused,identification,False -> refused,strategy,none until the panel is balanced,a twelve-month panel in which all four treatments agree on the sign,,direction is inherited from Task 05's panel treatments
vol-snowflake,hiring_patterns,volume,snowflake,"posting volume, 2023, four panel treatments","Snowflake's 2023 posting volume reads as decline, and the four panel treatments spread 17.24 index points around it",measured on the shared publisher panel only,task-06-tables/volume-verdict.csv#spread@company=snowflake,17.24,06,volume_treatments:task-06-tables/volume-verdict.csv#treatments_agree@company=snowflake,True,True,True,True,True,published_qualified,,True -> published_qualified,strategy,none until the panel is balanced,a twelve-month panel in which all four treatments agree on the sign,,direction is inherited from Task 05's panel treatments
share-databricks,hiring_patterns,relative_share,databricks,"share of the common publisher pool, H1 vs H2 2023","Databricks was gaining share of the shared publisher pool between H1 and H2 2023 (log share change 0.293), agreeing in 4 of 6 publishers","share of a fixed publisher pool, not headcount and not absolute volume; unanimity here is floor-dependent, see C8",task-06-tables/relative-share-verdict.csv#pooled_log_share_change@company=databricks,0.293,06,relative_share:task-06-tables/relative-share-verdict.csv#verdict@company=databricks,mixed,True,True,True,True,published_qualified,,mixed -> published_qualified,strategy,watch which competitor is displacing whom on shared boards,the same sign count under a per-company cell floor of 5 postings a half,C8,
share-google,hiring_patterns,relative_share,google,"share of the common publisher pool, H1 vs H2 2023","Google was losing share of the shared publisher pool between H1 and H2 2023 (log share change -0.182), agreeing in 4 of 6 publishers","share of a fixed publisher pool, not headcount and not absolute volume; unanimity here is floor-dependent, see C8",task-06-tables/relative-share-verdict.csv#pooled_log_share_change@company=google,-0.182,06,relative_share:task-06-tables/relative-share-verdict.csv#verdict@company=google,mixed,True,True,True,True,published_qualified,,mixed -> published_qualified,strategy,watch which competitor is displacing whom on shared boards,the same sign count under a per-company cell floor of 5 postings a half,C8,
share-meta,hiring_patterns,relative_share,meta,"share of the common publisher pool, H1 vs H2 2023","Meta was gaining share of the shared publisher pool between H1 and H2 2023 (log share change 0.050), agreeing in 5 of 6 publishers","share of a fixed publisher pool, not headcount and not absolute volume; unanimity here is floor-dependent, see C8",task-06-tables/relative-share-verdict.csv#pooled_log_share_change@company=meta,0.05,06,relative_share:task-06-tables/relative-share-verdict.csv#verdict@company=meta,mixed,True,True,True,True,published_qualified,,mixed -> published_qualified,strategy,watch which competitor is displacing whom on shared boards,the same sign count under a per-company cell floor of 5 postings a half,C8,
share-microsoft,hiring_patterns,relative_share,microsoft,"share of the common publisher pool, H1 vs H2 2023","Microsoft was gaining share of the shared publisher pool between H1 and H2 2023 (log share change 0.237), agreeing in 4 of 6 publishers","share of a fixed publisher pool, not headcount and not absolute volume; unanimity here is floor-dependent, see C8",task-06-tables/relative-share-verdict.csv#pooled_log_share_change@company=microsoft,0.237,06,relative_share:task-06-tables/relative-share-verdict.csv#verdict@company=microsoft,mixed,True,True,True,True,published_qualified,,mixed -> published_qualified,strategy,watch which competitor is displacing whom on shared boards,the same sign count under a per-company cell floor of 5 postings a half,C8,
share-nvidia,hiring_patterns,relative_share,nvidia,"share of the common publisher pool, H1 vs H2 2023","Nvidia was gaining share of the shared publisher pool between H1 and H2 2023 (log share change 0.347), agreeing in 6 of 6 publishers","share of a fixed publisher pool, not headcount and not absolute volume; unanimity here is floor-dependent, see C8",task-06-tables/relative-share-verdict.csv#pooled_log_share_change@company=nvidia,0.347,06,relative_share:task-06-tables/relative-share-verdict.csv#verdict@company=nvidia,confirmed,True,True,True,True,published_qualified,,confirmed -> published_qualified,strategy,watch which competitor is displacing whom on shared boards,the same sign count under a per-company cell floor of 5 postings a half,C8,
share-snowflake,hiring_patterns,relative_share,snowflake,"share of the common publisher pool, H1 vs H2 2023","Snowflake was losing share of the shared publisher pool between H1 and H2 2023 (log share change -1.190), agreeing in 5 of 6 publishers","share of a fixed publisher pool, not headcount and not absolute volume; unanimity here is floor-dependent, see C8",task-06-tables/relative-share-verdict.csv#pooled_log_share_change@company=snowflake,-1.19,06,relative_share:task-06-tables/relative-share-verdict.csv#verdict@company=snowflake,mixed,True,True,True,True,published_qualified,,mixed -> published_qualified,strategy,watch which competitor is displacing whom on shared boards,the same sign count under a per-company cell floor of 5 postings a half,C8,
mix-analytics,hiring_patterns,segment_mix,google:Analytics,"share of postings by job function, H1 vs H2 2023","Analytics moved from 16.2% to 20.0% of Google's postings between H1 and H2 2023, a change of 0.0378 in share",share of postings within the balanced publisher panel; a share can move because a different function moved,task-05-tables/panel-check-job-function.csv#share_delta@segment=Analytics,0.0378,05,segment_panel:task-05-tables/panel-check-job-function.csv#directions_agree@segment=Analytics,False,True,True,False,True,refused,identification,False -> refused,hr_talent,"size the recruiting pipeline by function, not in total",the raw and balanced panels disagreeing on the sign in a twelve-month window,,
mix-sales,hiring_patterns,segment_mix,google:Sales,"share of postings by job function, H1 vs H2 2023","Sales moved from 2.6% to 5.3% of Google's postings between H1 and H2 2023, a change of 0.0266 in share",share of postings within the balanced publisher panel; a share can move because a different function moved,task-05-tables/panel-check-job-function.csv#share_delta@segment=Sales,0.0266,05,segment_panel:task-05-tables/panel-check-job-function.csv#directions_agree@segment=Sales,True,True,True,True,True,published_qualified,,True -> published_qualified,hr_talent,"size the recruiting pipeline by function, not in total",the raw and balanced panels disagreeing on the sign in a twelve-month window,,
mix-technical-sales,hiring_patterns,segment_mix,google:Technical Sales,"share of postings by job function, H1 vs H2 2023","Technical Sales moved from 15.1% to 17.2% of Google's postings between H1 and H2 2023, a change of 0.0208 in share",share of postings within the balanced publisher panel; a share can move because a different function moved,task-05-tables/panel-check-job-function.csv#share_delta@segment=Technical Sales,0.0208,05,segment_panel:task-05-tables/panel-check-job-function.csv#directions_agree@segment=Technical Sales,True,True,True,True,True,published_qualified,,True -> published_qualified,hr_talent,"size the recruiting pipeline by function, not in total",the raw and balanced panels disagreeing on the sign in a twelve-month window,,
mix-product-program,hiring_patterns,segment_mix,google:Product / Program,"share of postings by job function, H1 vs H2 2023","Product / Program moved from 0.3% to 0.4% of Google's postings between H1 and H2 2023, a change of 0.0015 in share",share of postings within the balanced publisher panel; a share can move because a different function moved,task-05-tables/panel-check-job-function.csv#share_delta@segment=Product / Program,0.0015,05,segment_panel:task-05-tables/panel-check-job-function.csv#directions_agree@segment=Product / Program,True,True,True,True,True,published_qualified,,True -> published_qualified,hr_talent,"size the recruiting pipeline by function, not in total",the raw and balanced panels disagreeing on the sign in a twelve-month window,,
mix-support-admin,hiring_patterns,segment_mix,google:Support / Admin,"share of postings by job function, H1 vs H2 2023","Support / Admin moved from 0.3% to 0.4% of Google's postings between H1 and H2 2023, a change of 0.0015 in share",share of postings within the balanced publisher panel; a share can move because a different function moved,task-05-tables/panel-check-job-function.csv#share_delta@segment=Support / Admin,0.0015,05,segment_panel:task-05-tables/panel-check-job-function.csv#directions_agree@segment=Support / Admin,True,True,True,True,True,published_qualified,,True -> published_qualified,hr_talent,"size the recruiting pipeline by function, not in total",the raw and balanced panels disagreeing on the sign in a twelve-month window,,
mix-facilities-operations,hiring_patterns,segment_mix,google:Facilities / Operations,"share of postings by job function, H1 vs H2 2023","Facilities / Operations moved from 11.1% to 11.2% of Google's postings between H1 and H2 2023, a change of 0.0011 in share",share of postings within the balanced publisher panel; a share can move because a different function moved,task-05-tables/panel-check-job-function.csv#share_delta@segment=Facilities / Operations,0.0011,05,segment_panel:task-05-tables/panel-check-job-function.csv#directions_agree@segment=Facilities / Operations,True,True,True,True,True,published_qualified,,True -> published_qualified,hr_talent,"size the recruiting pipeline by function, not in total",the raw and balanced panels disagreeing on the sign in a twelve-month window,,
mix-marketing-communications,hiring_patterns,segment_mix,google:Marketing / Communications,"share of postings by job function, H1 vs H2 2023","Marketing / Communications moved from 0.3% to 0.2% of Google's postings between H1 and H2 2023, a change of -0.0006 in share",share of postings within the balanced publisher panel; a share can move because a different function moved,task-05-tables/panel-check-job-function.csv#share_delta@segment=Marketing / Communications,-0.0006,05,segment_panel:task-05-tables/panel-check-job-function.csv#directions_agree@segment=Marketing / Communications,True,True,True,True,True,published_qualified,,True -> published_qualified,hr_talent,"size the recruiting pipeline by function, not in total",the raw and balanced panels disagreeing on the sign in a twelve-month window,,
mix-other,hiring_patterns,segment_mix,google:Other,"share of postings by job function, H1 vs H2 2023","Other moved from 2.9% to 1.9% of Google's postings between H1 and H2 2023, a change of -0.0101 in share",share of postings within the balanced publisher panel; a share can move because a different function moved,task-05-tables/panel-check-job-function.csv#share_delta@segment=Other,-0.0101,05,segment_panel:task-05-tables/panel-check-job-function.csv#directions_agree@segment=Other,False,True,True,False,True,refused,identification,False -> refused,hr_talent,"size the recruiting pipeline by function, not in total",the raw and balanced panels disagreeing on the sign in a twelve-month window,,
mix-engineering,hiring_patterns,segment_mix,google:Engineering,"share of postings by job function, H1 vs H2 2023","Engineering moved from 28.6% to 26.1% of Google's postings between H1 and H2 2023, a change of -0.0254 in share",share of postings within the balanced publisher panel; a share can move because a different function moved,task-05-tables/panel-check-job-function.csv#share_delta@segment=Engineering,-0.0254,05,segment_panel:task-05-tables/panel-check-job-function.csv#directions_agree@segment=Engineering,False,True,True,False,True,refused,identification,False -> refused,hr_talent,"size the recruiting pipeline by function, not in total",the raw and balanced panels disagreeing on the sign in a twelve-month window,,
mix-science-research,hiring_patterns,segment_mix,google:Science / Research,"share of postings by job function, H1 vs H2 2023","Science / Research moved from 22.6% to 17.2% of Google's postings between H1 and H2 2023, a change of -0.0535 in share",share of postings within the balanced publisher panel; a share can move because a different function moved,task-05-tables/panel-check-job-function.csv#share_delta@segment=Science / Research,-0.0535,05,segment_panel:task-05-tables/panel-check-job-function.csv#directions_agree@segment=Science / Research,True,True,True,True,True,published_qualified,,True -> published_qualified,hr_talent,"size the recruiting pipeline by function, not in total",the raw and balanced panels disagreeing on the sign in a twelve-month window,,
skilltrend-looker,skill_demand,skill_trend,google:Looker,"share of skilled postings mentioning the skill, stratified by job function","Demand for Looker at Google is falling inside every one of the 3 job functions tested, while the pooled share across them runs the other way, 0.0920 to 0.1382 of skilled postings — a Simpson's reversal, and the within-function direction is the identified one","share of skilled postings, never of all postings; the pooled figure disagrees with the within-function direction and does not overrule it",task-05-tables/skill-stratified-verdicts.csv#pooled_share_h2@skill=Looker,0.1382,05,skill_stratified:task-05-tables/skill-stratified-verdicts.csv#verdict@skill=Looker,falling_in_all_segments,True,True,True,True,published,,falling_in_all_segments -> published,hr_talent,prioritise the training and sourcing pipeline for this skill,one job function moving the other way with the same support,,
skilltrend-python,skill_demand,skill_trend,google:Python,"share of skilled postings mentioning the skill, stratified by job function","Demand for Python at Google is moving inside job function, 0.6437 to 0.6029 of skilled postings across 4 segments","share of skilled postings, never of all postings; the direction holds in every segment tested",task-05-tables/skill-stratified-verdicts.csv#pooled_share_h2@skill=Python,0.6029,05,skill_stratified:task-05-tables/skill-stratified-verdicts.csv#verdict@skill=Python,mix_dependent,True,True,False,True,refused,identification,mix_dependent -> refused,hr_talent,prioritise the training and sourcing pipeline for this skill,one job function moving the other way with the same support,,
skilltrend-bigquery,skill_demand,skill_trend,google:BigQuery,"share of skilled postings mentioning the skill, stratified by job function","Demand for BigQuery at Google is moving inside job function, 0.0843 to 0.1176 of skilled postings across 4 segments","share of skilled postings, never of all postings; the direction holds in every segment tested",task-05-tables/skill-stratified-verdicts.csv#pooled_share_h2@skill=BigQuery,0.1176,05,skill_stratified:task-05-tables/skill-stratified-verdicts.csv#verdict@skill=BigQuery,mix_dependent,True,True,False,True,refused,identification,mix_dependent -> refused,hr_talent,prioritise the training and sourcing pipeline for this skill,one job function moving the other way with the same support,,
skilltrend-linux,skill_demand,skill_trend,google:Linux,"share of skilled postings mentioning the skill, stratified by job function","Demand for Linux at Google is moving inside job function, 0.1073 to 0.0765 of skilled postings across 2 segments","share of skilled postings, never of all postings; the direction holds in every segment tested",task-05-tables/skill-stratified-verdicts.csv#pooled_share_h2@skill=Linux,0.0765,05,skill_stratified:task-05-tables/skill-stratified-verdicts.csv#verdict@skill=Linux,mix_dependent,True,True,False,True,refused,identification,mix_dependent -> refused,hr_talent,prioritise the training and sourcing pipeline for this skill,one job function moving the other way with the same support,,
skilltrend-c-plus-plus,skill_demand,skill_trend,google:C++,"share of skilled postings mentioning the skill, stratified by job function","Demand for C++ at Google is moving inside job function, 0.1839 to 0.1618 of skilled postings across 3 segments","share of skilled postings, never of all postings; the direction holds in every segment tested",task-05-tables/skill-stratified-verdicts.csv#pooled_share_h2@skill=C++,0.1618,05,skill_stratified:task-05-tables/skill-stratified-verdicts.csv#verdict@skill=C++,mix_dependent,True,True,False,True,refused,identification,mix_dependent -> refused,hr_talent,prioritise the training and sourcing pipeline for this skill,one job function moving the other way with the same support,,
skilltrend-tensorflow,skill_demand,skill_trend,google:TensorFlow,"share of skilled postings mentioning the skill, stratified by job function","Demand for TensorFlow at Google is moving inside job function, 0.1303 to 0.1088 of skilled postings across 2 segments","share of skilled postings, never of all postings; the direction holds in every segment tested",task-05-tables/skill-stratified-verdicts.csv#pooled_share_h2@skill=TensorFlow,0.1088,05,skill_stratified:task-05-tables/skill-stratified-verdicts.csv#verdict@skill=TensorFlow,mix_dependent,True,True,False,True,refused,identification,mix_dependent -> refused,hr_talent,prioritise the training and sourcing pipeline for this skill,one job function moving the other way with the same support,,
skilltrend-tableau,skill_demand,skill_trend,google:Tableau,"share of skilled postings mentioning the skill, stratified by job function","Demand for Tableau at Google is moving inside job function, 0.0460 to 0.0529 of skilled postings across 2 segments","share of skilled postings, never of all postings; the direction holds in every segment tested",task-05-tables/skill-stratified-verdicts.csv#pooled_share_h2@skill=Tableau,0.0529,05,skill_stratified:task-05-tables/skill-stratified-verdicts.csv#verdict@skill=Tableau,mix_dependent,True,True,False,True,refused,identification,mix_dependent -> refused,hr_talent,prioritise the training and sourcing pipeline for this skill,one job function moving the other way with the same support,,
skilltrend-matlab,skill_demand,skill_trend,google:MATLAB,"share of skilled postings mentioning the skill, stratified by job function","Demand for MATLAB at Google is moving inside job function, 0.0498 to 0.0500 of skilled postings across 2 segments","share of skilled postings, never of all postings; the direction holds in every segment tested",task-05-tables/skill-stratified-verdicts.csv#pooled_share_h2@skill=MATLAB,0.05,05,skill_stratified:task-05-tables/skill-stratified-verdicts.csv#verdict@skill=MATLAB,mix_dependent,True,True,False,True,refused,identification,mix_dependent -> refused,hr_talent,prioritise the training and sourcing pipeline for this skill,one job function moving the other way with the same support,,
skilltrend-sql,skill_demand,skill_trend,google:SQL,"share of skilled postings mentioning the skill, stratified by job function","Demand for SQL at Google is rising inside job function, 0.3180 to 0.5059 of skilled postings across 5 segments","share of skilled postings, never of all postings; the direction holds in every segment tested",task-05-tables/skill-stratified-verdicts.csv#pooled_share_h2@skill=SQL,0.5059,05,skill_stratified:task-05-tables/skill-stratified-verdicts.csv#verdict@skill=SQL,rising_in_all_segments,True,True,True,True,published,,rising_in_all_segments -> published,hr_talent,prioritise the training and sourcing pipeline for this skill,one job function moving the other way with the same support,,
skilltrend-go,skill_demand,skill_trend,google:Go,"share of skilled postings mentioning the skill, stratified by job function","Demand for Go at Google is falling inside job function, 0.2222 to 0.1118 of skilled postings across 2 segments","share of skilled postings, never of all postings; the direction holds in every segment tested",task-05-tables/skill-stratified-verdicts.csv#pooled_share_h2@skill=Go,0.1118,05,skill_stratified:task-05-tables/skill-stratified-verdicts.csv#verdict@skill=Go,falling_in_all_segments,True,True,True,True,published,,falling_in_all_segments -> published,hr_talent,prioritise the training and sourcing pipeline for this skill,one job function moving the other way with the same support,,
skilltrend-hadoop,skill_demand,skill_trend,google:Hadoop,"share of skilled postings mentioning the skill, stratified by job function","Demand for Hadoop at Google is moving inside job function, 0.1379 to 0.0647 of skilled postings across 1 segments","share of skilled postings, never of all postings; the direction holds in every segment tested",task-05-tables/skill-stratified-verdicts.csv#pooled_share_h2@skill=Hadoop,0.0647,05,skill_stratified:task-05-tables/skill-stratified-verdicts.csv#verdict@skill=Hadoop,insufficient_support,True,True,False,True,refused,identification,insufficient_support -> refused,hr_talent,prioritise the training and sourcing pipeline for this skill,one job function moving the other way with the same support,,
skilltrend-java,skill_demand,skill_trend,google:Java,"share of skilled postings mentioning the skill, stratified by job function","Demand for Java at Google is falling inside job function, 0.2605 to 0.1912 of skilled postings across 2 segments","share of skilled postings, never of all postings; the direction holds in every segment tested",task-05-tables/skill-stratified-verdicts.csv#pooled_share_h2@skill=Java,0.1912,05,skill_stratified:task-05-tables/skill-stratified-verdicts.csv#verdict@skill=Java,falling_in_all_segments,True,True,True,True,published,,falling_in_all_segments -> published,hr_talent,prioritise the training and sourcing pipeline for this skill,one job function moving the other way with the same support,,
skilltrend-scala,skill_demand,skill_trend,google:Scala,"share of skilled postings mentioning the skill, stratified by job function","Demand for Scala at Google is falling inside job function, 0.1226 to 0.0647 of skilled postings across 2 segments","share of skilled postings, never of all postings; the direction holds in every segment tested",task-05-tables/skill-stratified-verdicts.csv#pooled_share_h2@skill=Scala,0.0647,05,skill_stratified:task-05-tables/skill-stratified-verdicts.csv#verdict@skill=Scala,falling_in_all_segments,True,True,True,True,published,,falling_in_all_segments -> published,hr_talent,prioritise the training and sourcing pipeline for this skill,one job function moving the other way with the same support,,
skilltrend-nosql,skill_demand,skill_trend,google:NoSQL,"share of skilled postings mentioning the skill, stratified by job function","Demand for NoSQL at Google is moving inside job function, 0.1073 to 0.0559 of skilled postings across 1 segments","share of skilled postings, never of all postings; the direction holds in every segment tested",task-05-tables/skill-stratified-verdicts.csv#pooled_share_h2@skill=NoSQL,0.0559,05,skill_stratified:task-05-tables/skill-stratified-verdicts.csv#verdict@skill=NoSQL,insufficient_support,True,True,False,True,refused,identification,insufficient_support -> refused,hr_talent,prioritise the training and sourcing pipeline for this skill,one job function moving the other way with the same support,,
skilltrend-r,skill_demand,skill_trend,google:R,"share of skilled postings mentioning the skill, stratified by job function","Demand for R at Google is rising inside job function, 0.3295 to 0.3794 of skilled postings across 3 segments","share of skilled postings, never of all postings; the direction holds in every segment tested",task-05-tables/skill-stratified-verdicts.csv#pooled_share_h2@skill=R,0.3794,05,skill_stratified:task-05-tables/skill-stratified-verdicts.csv#verdict@skill=R,rising_in_all_segments,True,True,True,True,published,,rising_in_all_segments -> published,hr_talent,prioritise the training and sourcing pipeline for this skill,one job function moving the other way with the same support,,
skilltrend-c,skill_demand,skill_trend,google:C,"share of skilled postings mentioning the skill, stratified by job function","Demand for C at Google is moving inside job function, 0.0421 to 0.0735 of skilled postings across 1 segments","share of skilled postings, never of all postings; the direction holds in every segment tested",task-05-tables/skill-stratified-verdicts.csv#pooled_share_h2@skill=C,0.0735,05,skill_stratified:task-05-tables/skill-stratified-verdicts.csv#verdict@skill=C,insufficient_support,True,True,False,True,refused,identification,insufficient_support -> refused,hr_talent,prioritise the training and sourcing pipeline for this skill,one job function moving the other way with the same support,,
skilltrend-perl,skill_demand,skill_trend,google:Perl,"share of skilled postings mentioning the skill, stratified by job function","Demand for Perl at Google is moving inside job function, 0.0115 to 0.0412 of skilled postings across 1 segments","share of skilled postings, never of all postings; the direction holds in every segment tested",task-05-tables/skill-stratified-verdicts.csv#pooled_share_h2@skill=Perl,0.0412,05,skill_stratified:task-05-tables/skill-stratified-verdicts.csv#verdict@skill=Perl,insufficient_support,True,True,False,True,refused,identification,insufficient_support -> refused,hr_talent,prioritise the training and sourcing pipeline for this skill,one job function moving the other way with the same support,,
skilltrend-gcp,skill_demand,skill_trend,google:GCP,"share of skilled postings mentioning the skill, stratified by job function","Demand for GCP at Google is moving inside job function, 0.0268 to 0.0529 of skilled postings across 1 segments","share of skilled postings, never of all postings; the direction holds in every segment tested",task-05-tables/skill-stratified-verdicts.csv#pooled_share_h2@skill=GCP,0.0529,05,skill_stratified:task-05-tables/skill-stratified-verdicts.csv#verdict@skill=GCP,insufficient_support,True,True,False,True,refused,identification,insufficient_support -> refused,hr_talent,prioritise the training and sourcing pipeline for this skill,one job function moving the other way with the same support,,
skilltrend-javascript,skill_demand,skill_trend,google:JavaScript,"share of skilled postings mentioning the skill, stratified by job function","Demand for JavaScript at Google is falling inside job function, 0.1379 to 0.1118 of skilled postings across 2 segments","share of skilled postings, never of all postings; the direction holds in every segment tested",task-05-tables/skill-stratified-verdicts.csv#pooled_share_h2@skill=JavaScript,0.1118,05,skill_stratified:task-05-tables/skill-stratified-verdicts.csv#verdict@skill=JavaScript,falling_in_all_segments,True,True,True,True,published,,falling_in_all_segments -> published,hr_talent,prioritise the training and sourcing pipeline for this skill,one job function moving the other way with the same support,,
skilltrend-pytorch,skill_demand,skill_trend,google:PyTorch,"share of skilled postings mentioning the skill, stratified by job function","Demand for PyTorch at Google is moving inside job function, 0.0153 to 0.0412 of skilled postings across 1 segments","share of skilled postings, never of all postings; the direction holds in every segment tested",task-05-tables/skill-stratified-verdicts.csv#pooled_share_h2@skill=PyTorch,0.0412,05,skill_stratified:task-05-tables/skill-stratified-verdicts.csv#verdict@skill=PyTorch,insufficient_support,True,True,False,True,refused,identification,insufficient_support -> refused,hr_talent,prioritise the training and sourcing pipeline for this skill,one job function moving the other way with the same support,,
skilltrend-sap,skill_demand,skill_trend,google:SAP,"share of skilled postings mentioning the skill, stratified by job function","Demand for SAP at Google is moving inside job function, 0.0460 to 0.0206 of skilled postings across 1 segments","share of skilled postings, never of all postings; the direction holds in every segment tested",task-05-tables/skill-stratified-verdicts.csv#pooled_share_h2@skill=SAP,0.0206,05,skill_stratified:task-05-tables/skill-stratified-verdicts.csv#verdict@skill=SAP,insufficient_support,True,True,False,True,refused,identification,insufficient_support -> refused,hr_talent,prioritise the training and sourcing pipeline for this skill,one job function moving the other way with the same support,,
skilltrend-oracle,skill_demand,skill_trend,google:Oracle,"share of skilled postings mentioning the skill, stratified by job function","Demand for Oracle at Google is moving inside job function, 0.0460 to 0.0235 of skilled postings across 1 segments","share of skilled postings, never of all postings; the direction holds in every segment tested",task-05-tables/skill-stratified-verdicts.csv#pooled_share_h2@skill=Oracle,0.0235,05,skill_stratified:task-05-tables/skill-stratified-verdicts.csv#verdict@skill=Oracle,insufficient_support,True,True,False,True,refused,identification,insufficient_support -> refused,hr_talent,prioritise the training and sourcing pipeline for this skill,one job function moving the other way with the same support,,
skilltrend-mongodb,skill_demand,skill_trend,google:MongoDB,"share of skilled postings mentioning the skill, stratified by job function","Demand for MongoDB at Google is moving inside job function, 0.0460 to 0.0265 of skilled postings across 1 segments","share of skilled postings, never of all postings; the direction holds in every segment tested",task-05-tables/skill-stratified-verdicts.csv#pooled_share_h2@skill=MongoDB,0.0265,05,skill_stratified:task-05-tables/skill-stratified-verdicts.csv#verdict@skill=MongoDB,insufficient_support,True,True,False,True,refused,identification,insufficient_support -> refused,hr_talent,prioritise the training and sourcing pipeline for this skill,one job function moving the other way with the same support,,
skilltrend-sas,skill_demand,skill_trend,google:SAS,"share of skilled postings mentioning the skill, stratified by job function","Demand for SAS at Google is moving inside job function, 0.0651 to 0.0500 of skilled postings across 1 segments","share of skilled postings, never of all postings; the direction holds in every segment tested",task-05-tables/skill-stratified-verdicts.csv#pooled_share_h2@skill=SAS,0.05,05,skill_stratified:task-05-tables/skill-stratified-verdicts.csv#verdict@skill=SAS,insufficient_support,True,True,False,True,refused,identification,insufficient_support -> refused,hr_talent,prioritise the training and sourcing pipeline for this skill,one job function moving the other way with the same support,,
skilltrend-shell,skill_demand,skill_trend,google:Shell,"share of skilled postings mentioning the skill, stratified by job function","Demand for Shell at Google is moving inside job function, 0.0153 to 0.0294 of skilled postings across 1 segments","share of skilled postings, never of all postings; the direction holds in every segment tested",task-05-tables/skill-stratified-verdicts.csv#pooled_share_h2@skill=Shell,0.0294,05,skill_stratified:task-05-tables/skill-stratified-verdicts.csv#verdict@skill=Shell,insufficient_support,True,True,False,True,refused,identification,insufficient_support -> refused,hr_talent,prioritise the training and sourcing pipeline for this skill,one job function moving the other way with the same support,,
skilltrend-machine-learning,skill_demand,skill_trend,google:Machine Learning,"share of skilled postings mentioning the skill, stratified by job function","Demand for Machine Learning at Google is rising inside job function, 0.0958 to 0.1088 of skilled postings across 3 segments","share of skilled postings, never of all postings; the direction holds in every segment tested",task-05-tables/skill-stratified-verdicts.csv#pooled_share_h2@skill=Machine Learning,0.1088,05,skill_stratified:task-05-tables/skill-stratified-verdicts.csv#verdict@skill=Machine Learning,rising_in_all_segments,True,True,True,True,published,,rising_in_all_segments -> published,hr_talent,prioritise the training and sourcing pipeline for this skill,one job function moving the other way with the same support,,
skilltrend-pandas,skill_demand,skill_trend,google:pandas,"share of skilled postings mentioning the skill, stratified by job function","Demand for pandas at Google is moving inside job function, 0.0230 to 0.0324 of skilled postings across 1 segments","share of skilled postings, never of all postings; the direction holds in every segment tested",task-05-tables/skill-stratified-verdicts.csv#pooled_share_h2@skill=pandas,0.0324,05,skill_stratified:task-05-tables/skill-stratified-verdicts.csv#verdict@skill=pandas,insufficient_support,True,True,False,True,refused,identification,insufficient_support -> refused,hr_talent,prioritise the training and sourcing pipeline for this skill,one job function moving the other way with the same support,,
skilltrend-spark,skill_demand,skill_trend,google:Spark,"share of skilled postings mentioning the skill, stratified by job function","Demand for Spark at Google is moving inside job function, 0.0651 to 0.0559 of skilled postings across 1 segments","share of skilled postings, never of all postings; the direction holds in every segment tested",task-05-tables/skill-stratified-verdicts.csv#pooled_share_h2@skill=Spark,0.0559,05,skill_stratified:task-05-tables/skill-stratified-verdicts.csv#verdict@skill=Spark,insufficient_support,True,True,False,True,refused,identification,insufficient_support -> refused,hr_talent,prioritise the training and sourcing pipeline for this skill,one job function moving the other way with the same support,,
skilltrend-c-sharp,skill_demand,skill_trend,google:C#,"share of skilled postings mentioning the skill, stratified by job function","Demand for C# at Google is moving inside job function, 0.0268 to 0.0206 of skilled postings across 1 segments","share of skilled postings, never of all postings; the direction holds in every segment tested",task-05-tables/skill-stratified-verdicts.csv#pooled_share_h2@skill=C#,0.0206,05,skill_stratified:task-05-tables/skill-stratified-verdicts.csv#verdict@skill=C#,insufficient_support,True,True,False,True,refused,identification,insufficient_support -> refused,hr_talent,prioritise the training and sourcing pipeline for this skill,one job function moving the other way with the same support,,
skillgap-r-google-databricks,tech_stack,skill_gap,google|databricks:R,"difference in share of skilled postings, stratified by job function","Google asks for R in a larger share of its skilled postings than Databricks does, by 0.2093 pooled, holding in 3 of 5 job functions","share of skilled postings within matched job functions; a stack difference, not a capability difference","task-06-tables/skill-stratified-verdicts.csv#pooled_diff@skill=R,company_a=google,company_b=databricks",0.2093,06,"skill_gap:task-06-tables/skill-stratified-verdicts.csv#verdict@skill=R,company_a=google,company_b=databricks",mixed,True,True,False,True,refused,identification,mixed -> refused,product,read as a stack signal when scoping integrations and competitive positioning,one job function reversing the sign at equal support,,
skillgap-javascript-google-databricks,tech_stack,skill_gap,google|databricks:JavaScript,"difference in share of skilled postings, stratified by job function","Google asks for JavaScript in a larger share of its skilled postings than Databricks does, by 0.1129 pooled, holding in 4 of 5 job functions","share of skilled postings within matched job functions; a stack difference, not a capability difference","task-06-tables/skill-stratified-verdicts.csv#pooled_diff@skill=JavaScript,company_a=google,company_b=databricks",0.1129,06,"skill_gap:task-06-tables/skill-stratified-verdicts.csv#verdict@skill=JavaScript,company_a=google,company_b=databricks",mixed,True,True,False,True,refused,identification,mixed -> refused,product,read as a stack signal when scoping integrations and competitive positioning,one job function reversing the sign at equal support,,
skillgap-bigquery-google-databricks,tech_stack,skill_gap,google|databricks:BigQuery,"difference in share of skilled postings, stratified by job function","Google asks for BigQuery in a larger share of its skilled postings than Databricks does, by 0.1060 pooled, holding in 4 of 5 job functions","share of skilled postings within matched job functions; a stack difference, not a capability difference","task-06-tables/skill-stratified-verdicts.csv#pooled_diff@skill=BigQuery,company_a=google,company_b=databricks",0.106,06,"skill_gap:task-06-tables/skill-stratified-verdicts.csv#verdict@skill=BigQuery,company_a=google,company_b=databricks",mixed,True,True,False,True,refused,identification,mixed -> refused,product,read as a stack signal when scoping integrations and competitive positioning,one job function reversing the sign at equal support,,
skillgap-tensorflow-google-databricks,tech_stack,skill_gap,google|databricks:TensorFlow,"difference in share of skilled postings, stratified by job function","Google asks for TensorFlow in a larger share of its skilled postings than Databricks does, by 0.1006 pooled, holding in 4 of 5 job functions","share of skilled postings within matched job functions; a stack difference, not a capability difference","task-06-tables/skill-stratified-verdicts.csv#pooled_diff@skill=TensorFlow,company_a=google,company_b=databricks",0.1006,06,"skill_gap:task-06-tables/skill-stratified-verdicts.csv#verdict@skill=TensorFlow,company_a=google,company_b=databricks",mixed,True,True,False,True,refused,identification,mixed -> refused,product,read as a stack signal when scoping integrations and competitive positioning,one job function reversing the sign at equal support,,
skillgap-go-google-databricks,tech_stack,skill_gap,google|databricks:Go,"difference in share of skilled postings, stratified by job function","Google asks for Go in a larger share of its skilled postings than Databricks does, by 0.0806 pooled, holding in 5 of 5 job functions","share of skilled postings within matched job functions; a stack difference, not a capability difference","task-06-tables/skill-stratified-verdicts.csv#pooled_diff@skill=Go,company_a=google,company_b=databricks",0.0806,06,"skill_gap:task-06-tables/skill-stratified-verdicts.csv#verdict@skill=Go,company_a=google,company_b=databricks",confirmed,True,True,True,True,published,,confirmed -> published,product,read as a stack signal when scoping integrations and competitive positioning,one job function reversing the sign at equal support,,
skillgap-c-plus-plus-google-databricks,tech_stack,skill_gap,google|databricks:C++,"difference in share of skilled postings, stratified by job function","Google asks for C++ in a larger share of its skilled postings than Databricks does, by 0.0705 pooled, holding in 4 of 5 job functions","share of skilled postings within matched job functions; a stack difference, not a capability difference","task-06-tables/skill-stratified-verdicts.csv#pooled_diff@skill=C++,company_a=google,company_b=databricks",0.0705,06,"skill_gap:task-06-tables/skill-stratified-verdicts.csv#verdict@skill=C++,company_a=google,company_b=databricks",mixed,True,True,False,True,refused,identification,mixed -> refused,product,read as a stack signal when scoping integrations and competitive positioning,one job function reversing the sign at equal support,,
skillgap-linux-google-databricks,tech_stack,skill_gap,google|databricks:Linux,"difference in share of skilled postings, stratified by job function","Google asks for Linux in a larger share of its skilled postings than Databricks does, by 0.0630 pooled, holding in 3 of 5 job functions","share of skilled postings within matched job functions; a stack difference, not a capability difference","task-06-tables/skill-stratified-verdicts.csv#pooled_diff@skill=Linux,company_a=google,company_b=databricks",0.063,06,"skill_gap:task-06-tables/skill-stratified-verdicts.csv#verdict@skill=Linux,company_a=google,company_b=databricks",mixed,True,True,False,True,refused,identification,mixed -> refused,product,read as a stack signal when scoping integrations and competitive positioning,one job function reversing the sign at equal support,,
skillgap-c-google-databricks,tech_stack,skill_gap,google|databricks:C,"difference in share of skilled postings, stratified by job function","Google asks for C in a larger share of its skilled postings than Databricks does, by 0.0586 pooled, holding in 3 of 5 job functions","share of skilled postings within matched job functions; a stack difference, not a capability difference","task-06-tables/skill-stratified-verdicts.csv#pooled_diff@skill=C,company_a=google,company_b=databricks",0.0586,06,"skill_gap:task-06-tables/skill-stratified-verdicts.csv#verdict@skill=C,company_a=google,company_b=databricks",mixed,True,True,False,True,refused,identification,mixed -> refused,product,read as a stack signal when scoping integrations and competitive positioning,one job function reversing the sign at equal support,,
skillgap-sas-google-databricks,tech_stack,skill_gap,google|databricks:SAS,"difference in share of skilled postings, stratified by job function","Google asks for SAS in a larger share of its skilled postings than Databricks does, by 0.0581 pooled, holding in 3 of 5 job functions","share of skilled postings within matched job functions; a stack difference, not a capability difference","task-06-tables/skill-stratified-verdicts.csv#pooled_diff@skill=SAS,company_a=google,company_b=databricks",0.0581,06,"skill_gap:task-06-tables/skill-stratified-verdicts.csv#verdict@skill=SAS,company_a=google,company_b=databricks",mixed,True,True,False,True,refused,identification,mixed -> refused,product,read as a stack signal when scoping integrations and competitive positioning,one job function reversing the sign at equal support,,
skillgap-nosql-google-databricks,tech_stack,skill_gap,google|databricks:NoSQL,"difference in share of skilled postings, stratified by job function","Google asks for NoSQL in a larger share of its skilled postings than Databricks does, by 0.0566 pooled, holding in 3 of 5 job functions","share of skilled postings within matched job functions; a stack difference, not a capability difference","task-06-tables/skill-stratified-verdicts.csv#pooled_diff@skill=NoSQL,company_a=google,company_b=databricks",0.0566,06,"skill_gap:task-06-tables/skill-stratified-verdicts.csv#verdict@skill=NoSQL,company_a=google,company_b=databricks",mixed,True,True,False,True,refused,identification,mixed -> refused,product,read as a stack signal when scoping integrations and competitive positioning,one job function reversing the sign at equal support,,
skillgap-matlab-google-databricks,tech_stack,skill_gap,google|databricks:MATLAB,"difference in share of skilled postings, stratified by job function","Google asks for MATLAB in a larger share of its skilled postings than Databricks does, by 0.0513 pooled, holding in 4 of 5 job functions","share of skilled postings within matched job functions; a stack difference, not a capability difference","task-06-tables/skill-stratified-verdicts.csv#pooled_diff@skill=MATLAB,company_a=google,company_b=databricks",0.0513,06,"skill_gap:task-06-tables/skill-stratified-verdicts.csv#verdict@skill=MATLAB,company_a=google,company_b=databricks",mixed,True,True,False,True,refused,identification,mixed -> refused,product,read as a stack signal when scoping integrations and competitive positioning,one job function reversing the sign at equal support,,
skillgap-machine-learning-google-databricks,tech_stack,skill_gap,google|databricks:Machine Learning,"difference in share of skilled postings, stratified by job function","Google asks for Machine Learning in a larger share of its skilled postings than Databricks does, by 0.0479 pooled, holding in 3 of 5 job functions","share of skilled postings within matched job functions; a stack difference, not a capability difference","task-06-tables/skill-stratified-verdicts.csv#pooled_diff@skill=Machine Learning,company_a=google,company_b=databricks",0.0479,06,"skill_gap:task-06-tables/skill-stratified-verdicts.csv#verdict@skill=Machine Learning,company_a=google,company_b=databricks",mixed,True,True,False,True,refused,identification,mixed -> refused,product,read as a stack signal when scoping integrations and competitive positioning,one job function reversing the sign at equal support,,
skillgap-mongodb-google-databricks,tech_stack,skill_gap,google|databricks:MongoDB,"difference in share of skilled postings, stratified by job function","Google asks for MongoDB in a larger share of its skilled postings than Databricks does, by 0.0359 pooled, holding in 2 of 5 job functions","share of skilled postings within matched job functions; a stack difference, not a capability difference","task-06-tables/skill-stratified-verdicts.csv#pooled_diff@skill=MongoDB,company_a=google,company_b=databricks",0.0359,06,"skill_gap:task-06-tables/skill-stratified-verdicts.csv#verdict@skill=MongoDB,company_a=google,company_b=databricks",mixed,True,True,False,True,refused,identification,mixed -> refused,product,read as a stack signal when scoping integrations and competitive positioning,one job function reversing the sign at equal support,,
skillgap-sap-google-databricks,tech_stack,skill_gap,google|databricks:SAP,"difference in share of skilled postings, stratified by job function","Google asks for SAP in a larger share of its skilled postings than Databricks does, by 0.0308 pooled, holding in 3 of 5 job functions","share of skilled postings within matched job functions; a stack difference, not a capability difference","task-06-tables/skill-stratified-verdicts.csv#pooled_diff@skill=SAP,company_a=google,company_b=databricks",0.0308,06,"skill_gap:task-06-tables/skill-stratified-verdicts.csv#verdict@skill=SAP,company_a=google,company_b=databricks",mixed,True,True,False,True,refused,identification,mixed -> refused,product,read as a stack signal when scoping integrations and competitive positioning,one job function reversing the sign at equal support,,
skillgap-perl-google-databricks,tech_stack,skill_gap,google|databricks:Perl,"difference in share of skilled postings, stratified by job function","Google asks for Perl in a larger share of its skilled postings than Databricks does, by 0.0291 pooled, holding in 1 of 5 job functions","share of skilled postings within matched job functions; a stack difference, not a capability difference","task-06-tables/skill-stratified-verdicts.csv#pooled_diff@skill=Perl,company_a=google,company_b=databricks",0.0291,06,"skill_gap:task-06-tables/skill-stratified-verdicts.csv#verdict@skill=Perl,company_a=google,company_b=databricks",mixed,True,True,False,True,refused,identification,mixed -> refused,product,read as a stack signal when scoping integrations and competitive positioning,one job function reversing the sign at equal support,,
skillgap-express-google-databricks,tech_stack,skill_gap,google|databricks:Express,"difference in share of skilled postings, stratified by job function","Google asks for Express in a larger share of its skilled postings than Databricks does, by 0.0256 pooled, holding in 2 of 5 job functions","share of skilled postings within matched job functions; a stack difference, not a capability difference","task-06-tables/skill-stratified-verdicts.csv#pooled_diff@skill=Express,company_a=google,company_b=databricks",0.0256,06,"skill_gap:task-06-tables/skill-stratified-verdicts.csv#verdict@skill=Express,company_a=google,company_b=databricks",mixed,True,True,False,True,refused,identification,mixed -> refused,product,read as a stack signal when scoping integrations and competitive positioning,one job function reversing the sign at equal support,,
skillgap-snowflake-google-databricks,tech_stack,skill_gap,google|databricks:Snowflake,"difference in share of skilled postings, stratified by job function","Google asks for Snowflake in a larger share of its skilled postings than Databricks does, by 0.0256 pooled, holding in 3 of 5 job functions","share of skilled postings within matched job functions; a stack difference, not a capability difference","task-06-tables/skill-stratified-verdicts.csv#pooled_diff@skill=Snowflake,company_a=google,company_b=databricks",0.0256,06,"skill_gap:task-06-tables/skill-stratified-verdicts.csv#verdict@skill=Snowflake,company_a=google,company_b=databricks",mixed,True,True,False,True,refused,identification,mixed -> refused,product,read as a stack signal when scoping integrations and competitive positioning,one job function reversing the sign at equal support,,
skillgap-airflow-google-databricks,tech_stack,skill_gap,google|databricks:Airflow,"difference in share of skilled postings, stratified by job function","Google asks for Airflow in a larger share of its skilled postings than Databricks does, by 0.0188 pooled, holding in 2 of 5 job functions","share of skilled postings within matched job functions; a stack difference, not a capability difference","task-06-tables/skill-stratified-verdicts.csv#pooled_diff@skill=Airflow,company_a=google,company_b=databricks",0.0188,06,"skill_gap:task-06-tables/skill-stratified-verdicts.csv#verdict@skill=Airflow,company_a=google,company_b=databricks",mixed,True,True,False,True,refused,identification,mixed -> refused,product,read as a stack signal when scoping integrations and competitive positioning,one job function reversing the sign at equal support,,
skillgap-microsoft-word-google-databricks,tech_stack,skill_gap,google|databricks:Microsoft Word,"difference in share of skilled postings, stratified by job function","Databricks asks for Microsoft Word in a larger share of its skilled postings than Google does, by 0.0245 pooled, holding in 1 of 5 job functions","share of skilled postings within matched job functions; a stack difference, not a capability difference","task-06-tables/skill-stratified-verdicts.csv#pooled_diff@skill=Microsoft Word,company_a=google,company_b=databricks",-0.0245,06,"skill_gap:task-06-tables/skill-stratified-verdicts.csv#verdict@skill=Microsoft Word,company_a=google,company_b=databricks",mixed,True,True,False,True,refused,identification,mixed -> refused,product,read as a stack signal when scoping integrations and competitive positioning,one job function reversing the sign at equal support,,
skillgap-jenkins-google-databricks,tech_stack,skill_gap,google|databricks:Jenkins,"difference in share of skilled postings, stratified by job function","Databricks asks for Jenkins in a larger share of its skilled postings than Google does, by 0.0283 pooled, holding in 2 of 5 job functions","share of skilled postings within matched job functions; a stack difference, not a capability difference","task-06-tables/skill-stratified-verdicts.csv#pooled_diff@skill=Jenkins,company_a=google,company_b=databricks",-0.0283,06,"skill_gap:task-06-tables/skill-stratified-verdicts.csv#verdict@skill=Jenkins,company_a=google,company_b=databricks",mixed,True,True,False,True,refused,identification,mixed -> refused,product,read as a stack signal when scoping integrations and competitive positioning,one job function reversing the sign at equal support,,
skillgap-kubernetes-google-databricks,tech_stack,skill_gap,google|databricks:Kubernetes,"difference in share of skilled postings, stratified by job function","Databricks asks for Kubernetes in a larger share of its skilled postings than Google does, by 0.0299 pooled, holding in 1 of 5 job functions","share of skilled postings within matched job functions; a stack difference, not a capability difference","task-06-tables/skill-stratified-verdicts.csv#pooled_diff@skill=Kubernetes,company_a=google,company_b=databricks",-0.0299,06,"skill_gap:task-06-tables/skill-stratified-verdicts.csv#verdict@skill=Kubernetes,company_a=google,company_b=databricks",mixed,True,True,False,True,refused,identification,mixed -> refused,product,read as a stack signal when scoping integrations and competitive positioning,one job function reversing the sign at equal support,,
skillgap-google-sheets-google-databricks,tech_stack,skill_gap,google|databricks:Google Sheets,"difference in share of skilled postings, stratified by job function","Databricks asks for Google Sheets in a larger share of its skilled postings than Google does, by 0.0478 pooled, holding in 1 of 5 job functions","share of skilled postings within matched job functions; a stack difference, not a capability difference","task-06-tables/skill-stratified-verdicts.csv#pooled_diff@skill=Google Sheets,company_a=google,company_b=databricks",-0.0478,06,"skill_gap:task-06-tables/skill-stratified-verdicts.csv#verdict@skill=Google Sheets,company_a=google,company_b=databricks",mixed,True,True,False,True,refused,identification,mixed -> refused,product,read as a stack signal when scoping integrations and competitive positioning,one job function reversing the sign at equal support,,
skillgap-cassandra-google-databricks,tech_stack,skill_gap,google|databricks:Cassandra,"difference in share of skilled postings, stratified by job function","Databricks asks for Cassandra in a larger share of its skilled postings than Google does, by 0.0500 pooled, holding in 2 of 5 job functions","share of skilled postings within matched job functions; a stack difference, not a capability difference","task-06-tables/skill-stratified-verdicts.csv#pooled_diff@skill=Cassandra,company_a=google,company_b=databricks",-0.05,06,"skill_gap:task-06-tables/skill-stratified-verdicts.csv#verdict@skill=Cassandra,company_a=google,company_b=databricks",mixed,True,True,False,True,refused,identification,mixed -> refused,product,read as a stack signal when scoping integrations and competitive positioning,one job function reversing the sign at equal support,,
skillgap-pandas-google-databricks,tech_stack,skill_gap,google|databricks:pandas,"difference in share of skilled postings, stratified by job function","Databricks asks for pandas in a larger share of its skilled postings than Google does, by 0.0545 pooled, holding in 3 of 5 job functions","share of skilled postings within matched job functions; a stack difference, not a capability difference","task-06-tables/skill-stratified-verdicts.csv#pooled_diff@skill=pandas,company_a=google,company_b=databricks",-0.0545,06,"skill_gap:task-06-tables/skill-stratified-verdicts.csv#verdict@skill=pandas,company_a=google,company_b=databricks",mixed,True,True,False,True,refused,identification,mixed -> refused,product,read as a stack signal when scoping integrations and competitive positioning,one job function reversing the sign at equal support,,
skillgap-scikit-learn-google-databricks,tech_stack,skill_gap,google|databricks:scikit-learn,"difference in share of skilled postings, stratified by job function","Databricks asks for scikit-learn in a larger share of its skilled postings than Google does, by 0.0733 pooled, holding in 3 of 5 job functions","share of skilled postings within matched job functions; a stack difference, not a capability difference","task-06-tables/skill-stratified-verdicts.csv#pooled_diff@skill=scikit-learn,company_a=google,company_b=databricks",-0.0733,06,"skill_gap:task-06-tables/skill-stratified-verdicts.csv#verdict@skill=scikit-learn,company_a=google,company_b=databricks",mixed,True,True,False,True,refused,identification,mixed -> refused,product,read as a stack signal when scoping integrations and competitive positioning,one job function reversing the sign at equal support,,
skillgap-git-google-databricks,tech_stack,skill_gap,google|databricks:Git,"difference in share of skilled postings, stratified by job function","Databricks asks for Git in a larger share of its skilled postings than Google does, by 0.0712 pooled, holding in 2 of 5 job functions","share of skilled postings within matched job functions; a stack difference, not a capability difference","task-06-tables/skill-stratified-verdicts.csv#pooled_diff@skill=Git,company_a=google,company_b=databricks",-0.0712,06,"skill_gap:task-06-tables/skill-stratified-verdicts.csv#verdict@skill=Git,company_a=google,company_b=databricks",mixed,True,True,False,True,refused,identification,mixed -> refused,product,read as a stack signal when scoping integrations and competitive positioning,one job function reversing the sign at equal support,,
skillgap-sql-google-databricks,tech_stack,skill_gap,google|databricks:SQL,"difference in share of skilled postings, stratified by job function","Databricks asks for SQL in a larger share of its skilled postings than Google does, by 0.1157 pooled, holding in 4 of 5 job functions","share of skilled postings within matched job functions; a stack difference, not a capability difference","task-06-tables/skill-stratified-verdicts.csv#pooled_diff@skill=SQL,company_a=google,company_b=databricks",-0.1157,06,"skill_gap:task-06-tables/skill-stratified-verdicts.csv#verdict@skill=SQL,company_a=google,company_b=databricks",mixed,True,True,False,True,refused,identification,mixed -> refused,product,read as a stack signal when scoping integrations and competitive positioning,one job function reversing the sign at equal support,,
skillgap-tableau-google-databricks,tech_stack,skill_gap,google|databricks:Tableau,"difference in share of skilled postings, stratified by job function","Databricks asks for Tableau in a larger share of its skilled postings than Google does, by 0.1450 pooled, holding in 3 of 5 job functions","share of skilled postings within matched job functions; a stack difference, not a capability difference","task-06-tables/skill-stratified-verdicts.csv#pooled_diff@skill=Tableau,company_a=google,company_b=databricks",-0.145,06,"skill_gap:task-06-tables/skill-stratified-verdicts.csv#verdict@skill=Tableau,company_a=google,company_b=databricks",mixed,True,True,False,True,refused,identification,mixed -> refused,product,read as a stack signal when scoping integrations and competitive positioning,one job function reversing the sign at equal support,,
skillgap-hadoop-google-databricks,tech_stack,skill_gap,google|databricks:Hadoop,"difference in share of skilled postings, stratified by job function","Databricks asks for Hadoop in a larger share of its skilled postings than Google does, by 0.2569 pooled, holding in 2 of 5 job functions","share of skilled postings within matched job functions; a stack difference, not a capability difference","task-06-tables/skill-stratified-verdicts.csv#pooled_diff@skill=Hadoop,company_a=google,company_b=databricks",-0.2569,06,"skill_gap:task-06-tables/skill-stratified-verdicts.csv#verdict@skill=Hadoop,company_a=google,company_b=databricks",mixed,True,True,False,True,refused,identification,mixed -> refused,product,read as a stack signal when scoping integrations and competitive positioning,one job function reversing the sign at equal support,,
skillgap-kafka-google-databricks,tech_stack,skill_gap,google|databricks:Kafka,"difference in share of skilled postings, stratified by job function","Databricks asks for Kafka in a larger share of its skilled postings than Google does, by 0.2602 pooled, holding in 2 of 5 job functions","share of skilled postings within matched job functions; a stack difference, not a capability difference","task-06-tables/skill-stratified-verdicts.csv#pooled_diff@skill=Kafka,company_a=google,company_b=databricks",-0.2602,06,"skill_gap:task-06-tables/skill-stratified-verdicts.csv#verdict@skill=Kafka,company_a=google,company_b=databricks",mixed,True,True,False,True,refused,identification,mixed -> refused,product,read as a stack signal when scoping integrations and competitive positioning,one job function reversing the sign at equal support,,
skillgap-gcp-google-databricks,tech_stack,skill_gap,google|databricks:GCP,"difference in share of skilled postings, stratified by job function","Databricks asks for GCP in a larger share of its skilled postings than Google does, by 0.2943 pooled, holding in 5 of 5 job functions","share of skilled postings within matched job functions; a stack difference, not a capability difference","task-06-tables/skill-stratified-verdicts.csv#pooled_diff@skill=GCP,company_a=google,company_b=databricks",-0.2943,06,"skill_gap:task-06-tables/skill-stratified-verdicts.csv#verdict@skill=GCP,company_a=google,company_b=databricks",confirmed,True,True,True,True,published,,confirmed -> published,product,read as a stack signal when scoping integrations and competitive positioning,one job function reversing the sign at equal support,,
skillgap-scala-google-databricks,tech_stack,skill_gap,google|databricks:Scala,"difference in share of skilled postings, stratified by job function","Databricks asks for Scala in a larger share of its skilled postings than Google does, by 0.4109 pooled, holding in 5 of 5 job functions","share of skilled postings within matched job functions; a stack difference, not a capability difference","task-06-tables/skill-stratified-verdicts.csv#pooled_diff@skill=Scala,company_a=google,company_b=databricks",-0.4109,06,"skill_gap:task-06-tables/skill-stratified-verdicts.csv#verdict@skill=Scala,company_a=google,company_b=databricks",confirmed,True,True,True,True,published,,confirmed -> published,product,read as a stack signal when scoping integrations and competitive positioning,one job function reversing the sign at equal support,,
skillgap-azure-google-databricks,tech_stack,skill_gap,google|databricks:Azure,"difference in share of skilled postings, stratified by job function","Databricks asks for Azure in a larger share of its skilled postings than Google does, by 0.4217 pooled, holding in 5 of 5 job functions","share of skilled postings within matched job functions; a stack difference, not a capability difference","task-06-tables/skill-stratified-verdicts.csv#pooled_diff@skill=Azure,company_a=google,company_b=databricks",-0.4217,06,"skill_gap:task-06-tables/skill-stratified-verdicts.csv#verdict@skill=Azure,company_a=google,company_b=databricks",confirmed,True,True,True,True,published,,confirmed -> published,product,read as a stack signal when scoping integrations and competitive positioning,one job function reversing the sign at equal support,,
skillgap-aws-google-databricks,tech_stack,skill_gap,google|databricks:AWS,"difference in share of skilled postings, stratified by job function","Databricks asks for AWS in a larger share of its skilled postings than Google does, by 0.4811 pooled, holding in 5 of 5 job functions","share of skilled postings within matched job functions; a stack difference, not a capability difference","task-06-tables/skill-stratified-verdicts.csv#pooled_diff@skill=AWS,company_a=google,company_b=databricks",-0.4811,06,"skill_gap:task-06-tables/skill-stratified-verdicts.csv#verdict@skill=AWS,company_a=google,company_b=databricks",confirmed,True,True,True,True,published,,confirmed -> published,product,read as a stack signal when scoping integrations and competitive positioning,one job function reversing the sign at equal support,,
skillgap-spark-google-databricks,tech_stack,skill_gap,google|databricks:Spark,"difference in share of skilled postings, stratified by job function","Databricks asks for Spark in a larger share of its skilled postings than Google does, by 0.6655 pooled, holding in 5 of 5 job functions","share of skilled postings within matched job functions; a stack difference, not a capability difference","task-06-tables/skill-stratified-verdicts.csv#pooled_diff@skill=Spark,company_a=google,company_b=databricks",-0.6655,06,"skill_gap:task-06-tables/skill-stratified-verdicts.csv#verdict@skill=Spark,company_a=google,company_b=databricks",confirmed,True,True,True,True,published,,confirmed -> published,product,read as a stack signal when scoping integrations and competitive positioning,one job function reversing the sign at equal support,,
skillgap-excel-google-databricks,tech_stack,skill_gap,google|databricks:Excel,"difference in share of skilled postings, stratified by job function","Databricks asks for Excel in a larger share of its skilled postings than Google does, by 0.7578 pooled, holding in 5 of 5 job functions","share of skilled postings within matched job functions; a stack difference, not a capability difference","task-06-tables/skill-stratified-verdicts.csv#pooled_diff@skill=Excel,company_a=google,company_b=databricks",-0.7578,06,"skill_gap:task-06-tables/skill-stratified-verdicts.csv#verdict@skill=Excel,company_a=google,company_b=databricks",confirmed,True,True,True,True,published,,confirmed -> published,product,read as a stack signal when scoping integrations and competitive positioning,one job function reversing the sign at equal support,,
skillgap-databricks-google-databricks,tech_stack,skill_gap,google|databricks:Databricks,"difference in share of skilled postings, stratified by job function","Databricks asks for Databricks in a larger share of its skilled postings than Google does, by 0.9970 pooled, holding in 5 of 5 job functions","share of skilled postings within matched job functions; a stack difference, not a capability difference","task-06-tables/skill-stratified-verdicts.csv#pooled_diff@skill=Databricks,company_a=google,company_b=databricks",-0.997,06,"skill_gap:task-06-tables/skill-stratified-verdicts.csv#verdict@skill=Databricks,company_a=google,company_b=databricks",confirmed,True,True,True,True,published,,confirmed -> published,product,read as a stack signal when scoping integrations and competitive positioning,one job function reversing the sign at equal support,,
skillgap-java-google-meta,tech_stack,skill_gap,google|meta:Java,"difference in share of skilled postings, stratified by job function","Google asks for Java in a larger share of its skilled postings than Meta does, by 0.1396 pooled, holding in 1 of 5 job functions","share of skilled postings within matched job functions; a stack difference, not a capability difference","task-06-tables/skill-stratified-verdicts.csv#pooled_diff@skill=Java,company_a=google,company_b=meta",0.1396,06,"skill_gap:task-06-tables/skill-stratified-verdicts.csv#verdict@skill=Java,company_a=google,company_b=meta",mixed,True,True,False,True,refused,identification,mixed -> refused,product,read as a stack signal when scoping integrations and competitive positioning,one job function reversing the sign at equal support,,
skillgap-go-google-meta,tech_stack,skill_gap,google|meta:Go,"difference in share of skilled postings, stratified by job function","Google asks for Go in a larger share of its skilled postings than Meta does, by 0.1380 pooled, holding in 3 of 5 job functions","share of skilled postings within matched job functions; a stack difference, not a capability difference","task-06-tables/skill-stratified-verdicts.csv#pooled_diff@skill=Go,company_a=google,company_b=meta",0.138,06,"skill_gap:task-06-tables/skill-stratified-verdicts.csv#verdict@skill=Go,company_a=google,company_b=meta",mixed,True,True,False,True,refused,identification,mixed -> refused,product,read as a stack signal when scoping integrations and competitive positioning,one job function reversing the sign at equal support,,
skillgap-looker-google-meta,tech_stack,skill_gap,google|meta:Looker,"difference in share of skilled postings, stratified by job function","Google asks for Looker in a larger share of its skilled postings than Meta does, by 0.1103 pooled, holding in 3 of 5 job functions","share of skilled postings within matched job functions; a stack difference, not a capability difference","task-06-tables/skill-stratified-verdicts.csv#pooled_diff@skill=Looker,company_a=google,company_b=meta",0.1103,06,"skill_gap:task-06-tables/skill-stratified-verdicts.csv#verdict@skill=Looker,company_a=google,company_b=meta",mixed,True,True,False,True,refused,identification,mixed -> refused,product,read as a stack signal when scoping integrations and competitive positioning,one job function reversing the sign at equal support,,
skillgap-javascript-google-meta,tech_stack,skill_gap,google|meta:JavaScript,"difference in share of skilled postings, stratified by job function","Google asks for JavaScript in a larger share of its skilled postings than Meta does, by 0.1057 pooled, holding in 3 of 5 job functions","share of skilled postings within matched job functions; a stack difference, not a capability difference","task-06-tables/skill-stratified-verdicts.csv#pooled_diff@skill=JavaScript,company_a=google,company_b=meta",0.1057,06,"skill_gap:task-06-tables/skill-stratified-verdicts.csv#verdict@skill=JavaScript,company_a=google,company_b=meta",mixed,True,True,False,True,refused,identification,mixed -> refused,product,read as a stack signal when scoping integrations and competitive positioning,one job function reversing the sign at equal support,,
skillgap-bigquery-google-meta,tech_stack,skill_gap,google|meta:BigQuery,"difference in share of skilled postings, stratified by job function","Google asks for BigQuery in a larger share of its skilled postings than Meta does, by 0.0928 pooled, holding in 3 of 5 job functions","share of skilled postings within matched job functions; a stack difference, not a capability difference","task-06-tables/skill-stratified-verdicts.csv#pooled_diff@skill=BigQuery,company_a=google,company_b=meta",0.0928,06,"skill_gap:task-06-tables/skill-stratified-verdicts.csv#verdict@skill=BigQuery,company_a=google,company_b=meta",mixed,True,True,False,True,refused,identification,mixed -> refused,product,read as a stack signal when scoping integrations and competitive positioning,one job function reversing the sign at equal support,,
skillgap-tensorflow-google-meta,tech_stack,skill_gap,google|meta:TensorFlow,"difference in share of skilled postings, stratified by job function","Google asks for TensorFlow in a larger share of its skilled postings than Meta does, by 0.0831 pooled, holding in 3 of 5 job functions","share of skilled postings within matched job functions; a stack difference, not a capability difference","task-06-tables/skill-stratified-verdicts.csv#pooled_diff@skill=TensorFlow,company_a=google,company_b=meta",0.0831,06,"skill_gap:task-06-tables/skill-stratified-verdicts.csv#verdict@skill=TensorFlow,company_a=google,company_b=meta",mixed,True,True,False,True,refused,identification,mixed -> refused,product,read as a stack signal when scoping integrations and competitive positioning,one job function reversing the sign at equal support,,
skillgap-linux-google-meta,tech_stack,skill_gap,google|meta:Linux,"difference in share of skilled postings, stratified by job function","Google asks for Linux in a larger share of its skilled postings than Meta does, by 0.0754 pooled, holding in 2 of 5 job functions","share of skilled postings within matched job functions; a stack difference, not a capability difference","task-06-tables/skill-stratified-verdicts.csv#pooled_diff@skill=Linux,company_a=google,company_b=meta",0.0754,06,"skill_gap:task-06-tables/skill-stratified-verdicts.csv#verdict@skill=Linux,company_a=google,company_b=meta",mixed,True,True,False,True,refused,identification,mixed -> refused,product,read as a stack signal when scoping integrations and competitive positioning,one job function reversing the sign at equal support,,
skillgap-nosql-google-meta,tech_stack,skill_gap,google|meta:NoSQL,"difference in share of skilled postings, stratified by job function","Google asks for NoSQL in a larger share of its skilled postings than Meta does, by 0.0744 pooled, holding in 2 of 5 job functions","share of skilled postings within matched job functions; a stack difference, not a capability difference","task-06-tables/skill-stratified-verdicts.csv#pooled_diff@skill=NoSQL,company_a=google,company_b=meta",0.0744,06,"skill_gap:task-06-tables/skill-stratified-verdicts.csv#verdict@skill=NoSQL,company_a=google,company_b=meta",mixed,True,True,False,True,refused,identification,mixed -> refused,product,read as a stack signal when scoping integrations and competitive positioning,one job function reversing the sign at equal support,,
skillgap-c-google-meta,tech_stack,skill_gap,google|meta:C,"difference in share of skilled postings, stratified by job function","Google asks for C in a larger share of its skilled postings than Meta does, by 0.0436 pooled, holding in 2 of 5 job functions","share of skilled postings within matched job functions; a stack difference, not a capability difference","task-06-tables/skill-stratified-verdicts.csv#pooled_diff@skill=C,company_a=google,company_b=meta",0.0436,06,"skill_gap:task-06-tables/skill-stratified-verdicts.csv#verdict@skill=C,company_a=google,company_b=meta",mixed,True,True,False,True,refused,identification,mixed -> refused,product,read as a stack signal when scoping integrations and competitive positioning,one job function reversing the sign at equal support,,
skillgap-gcp-google-meta,tech_stack,skill_gap,google|meta:GCP,"difference in share of skilled postings, stratified by job function","Google asks for GCP in a larger share of its skilled postings than Meta does, by 0.0398 pooled, holding in 3 of 5 job functions","share of skilled postings within matched job functions; a stack difference, not a capability difference","task-06-tables/skill-stratified-verdicts.csv#pooled_diff@skill=GCP,company_a=google,company_b=meta",0.0398,06,"skill_gap:task-06-tables/skill-stratified-verdicts.csv#verdict@skill=GCP,company_a=google,company_b=meta",mixed,True,True,False,True,refused,identification,mixed -> refused,product,read as a stack signal when scoping integrations and competitive positioning,one job function reversing the sign at equal support,,
skillgap-mongodb-google-meta,tech_stack,skill_gap,google|meta:MongoDB,"difference in share of skilled postings, stratified by job function","Google asks for MongoDB in a larger share of its skilled postings than Meta does, by 0.0359 pooled, holding in 2 of 5 job functions","share of skilled postings within matched job functions; a stack difference, not a capability difference","task-06-tables/skill-stratified-verdicts.csv#pooled_diff@skill=MongoDB,company_a=google,company_b=meta",0.0359,06,"skill_gap:task-06-tables/skill-stratified-verdicts.csv#verdict@skill=MongoDB,company_a=google,company_b=meta",mixed,True,True,False,True,refused,identification,mixed -> refused,product,read as a stack signal when scoping integrations and competitive positioning,one job function reversing the sign at equal support,,
skillgap-sap-google-meta,tech_stack,skill_gap,google|meta:SAP,"difference in share of skilled postings, stratified by job function","Google asks for SAP in a larger share of its skilled postings than Meta does, by 0.0284 pooled, holding in 2 of 5 job functions","share of skilled postings within matched job functions; a stack difference, not a capability difference","task-06-tables/skill-stratified-verdicts.csv#pooled_diff@skill=SAP,company_a=google,company_b=meta",0.0284,06,"skill_gap:task-06-tables/skill-stratified-verdicts.csv#verdict@skill=SAP,company_a=google,company_b=meta",mixed,True,True,False,True,refused,identification,mixed -> refused,product,read as a stack signal when scoping integrations and competitive positioning,one job function reversing the sign at equal support,,
skillgap-oracle-google-meta,tech_stack,skill_gap,google|meta:Oracle,"difference in share of skilled postings, stratified by job function","Google asks for Oracle in a larger share of its skilled postings than Meta does, by 0.0282 pooled, holding in 1 of 5 job functions","share of skilled postings within matched job functions; a stack difference, not a capability difference","task-06-tables/skill-stratified-verdicts.csv#pooled_diff@skill=Oracle,company_a=google,company_b=meta",0.0282,06,"skill_gap:task-06-tables/skill-stratified-verdicts.csv#verdict@skill=Oracle,company_a=google,company_b=meta",mixed,True,True,False,True,refused,identification,mixed -> refused,product,read as a stack signal when scoping integrations and competitive positioning,one job function reversing the sign at equal support,,
skillgap-snowflake-google-meta,tech_stack,skill_gap,google|meta:Snowflake,"difference in share of skilled postings, stratified by job function","Google asks for Snowflake in a larger share of its skilled postings than Meta does, by 0.0244 pooled, holding in 2 of 5 job functions","share of skilled postings within matched job functions; a stack difference, not a capability difference","task-06-tables/skill-stratified-verdicts.csv#pooled_diff@skill=Snowflake,company_a=google,company_b=meta",0.0244,06,"skill_gap:task-06-tables/skill-stratified-verdicts.csv#verdict@skill=Snowflake,company_a=google,company_b=meta",mixed,True,True,False,True,refused,identification,mixed -> refused,product,read as a stack signal when scoping integrations and competitive positioning,one job function reversing the sign at equal support,,
skillgap-kubernetes-google-meta,tech_stack,skill_gap,google|meta:Kubernetes,"difference in share of skilled postings, stratified by job function","Google asks for Kubernetes in a larger share of its skilled postings than Meta does, by 0.0205 pooled, holding in 2 of 5 job functions","share of skilled postings within matched job functions; a stack difference, not a capability difference","task-06-tables/skill-stratified-verdicts.csv#pooled_diff@skill=Kubernetes,company_a=google,company_b=meta",0.0205,06,"skill_gap:task-06-tables/skill-stratified-verdicts.csv#verdict@skill=Kubernetes,company_a=google,company_b=meta",mixed,True,True,False,True,refused,identification,mixed -> refused,product,read as a stack signal when scoping integrations and competitive positioning,one job function reversing the sign at equal support,,
skillgap-shell-google-meta,tech_stack,skill_gap,google|meta:Shell,"difference in share of skilled postings, stratified by job function","Google asks for Shell in a larger share of its skilled postings than Meta does, by 0.0168 pooled, holding in 1 of 5 job functions","share of skilled postings within matched job functions; a stack difference, not a capability difference","task-06-tables/skill-stratified-verdicts.csv#pooled_diff@skill=Shell,company_a=google,company_b=meta",0.0168,06,"skill_gap:task-06-tables/skill-stratified-verdicts.csv#verdict@skill=Shell,company_a=google,company_b=meta",mixed,True,True,False,True,refused,identification,mixed -> refused,product,read as a stack signal when scoping integrations and competitive positioning,one job function reversing the sign at equal support,,
skillgap-express-google-meta,tech_stack,skill_gap,google|meta:Express,"difference in share of skilled postings, stratified by job function","Google asks for Express in a larger share of its skilled postings than Meta does, by 0.0161 pooled, holding in 2 of 5 job functions","share of skilled postings within matched job functions; a stack difference, not a capability difference","task-06-tables/skill-stratified-verdicts.csv#pooled_diff@skill=Express,company_a=google,company_b=meta",0.0161,06,"skill_gap:task-06-tables/skill-stratified-verdicts.csv#verdict@skill=Express,company_a=google,company_b=meta",mixed,True,True,False,True,refused,identification,mixed -> refused,product,read as a stack signal when scoping integrations and competitive positioning,one job function reversing the sign at equal support,,
skillgap-graphql-google-meta,tech_stack,skill_gap,google|meta:GraphQL,"difference in share of skilled postings, stratified by job function","Meta asks for GraphQL in a larger share of its skilled postings than Google does, by 0.0131 pooled, holding in 1 of 5 job functions","share of skilled postings within matched job functions; a stack difference, not a capability difference","task-06-tables/skill-stratified-verdicts.csv#pooled_diff@skill=GraphQL,company_a=google,company_b=meta",-0.0131,06,"skill_gap:task-06-tables/skill-stratified-verdicts.csv#verdict@skill=GraphQL,company_a=google,company_b=meta",mixed,True,True,False,True,refused,identification,mixed -> refused,product,read as a stack signal when scoping integrations and competitive positioning,one job function reversing the sign at equal support,,
skillgap-generative-ai-google-meta,tech_stack,skill_gap,google|meta:Generative AI,"difference in share of skilled postings, stratified by job function","Meta asks for Generative AI in a larger share of its skilled postings than Google does, by 0.0167 pooled, holding in 2 of 5 job functions","share of skilled postings within matched job functions; a stack difference, not a capability difference","task-06-tables/skill-stratified-verdicts.csv#pooled_diff@skill=Generative AI,company_a=google,company_b=meta",-0.0167,06,"skill_gap:task-06-tables/skill-stratified-verdicts.csv#verdict@skill=Generative AI,company_a=google,company_b=meta",mixed,True,True,False,True,refused,identification,mixed -> refused,product,read as a stack signal when scoping integrations and competitive positioning,one job function reversing the sign at equal support,,
skillgap-azure-google-meta,tech_stack,skill_gap,google|meta:Azure,"difference in share of skilled postings, stratified by job function","Meta asks for Azure in a larger share of its skilled postings than Google does, by 0.0201 pooled, holding in 2 of 5 job functions","share of skilled postings within matched job functions; a stack difference, not a capability difference","task-06-tables/skill-stratified-verdicts.csv#pooled_diff@skill=Azure,company_a=google,company_b=meta",-0.0201,06,"skill_gap:task-06-tables/skill-stratified-verdicts.csv#verdict@skill=Azure,company_a=google,company_b=meta",mixed,True,True,False,True,refused,identification,mixed -> refused,product,read as a stack signal when scoping integrations and competitive positioning,one job function reversing the sign at equal support,,
skillgap-seaborn-google-meta,tech_stack,skill_gap,google|meta:Seaborn,"difference in share of skilled postings, stratified by job function","Meta asks for Seaborn in a larger share of its skilled postings than Google does, by 0.0203 pooled, holding in 2 of 5 job functions","share of skilled postings within matched job functions; a stack difference, not a capability difference","task-06-tables/skill-stratified-verdicts.csv#pooled_diff@skill=Seaborn,company_a=google,company_b=meta",-0.0203,06,"skill_gap:task-06-tables/skill-stratified-verdicts.csv#verdict@skill=Seaborn,company_a=google,company_b=meta",mixed,True,True,False,True,refused,identification,mixed -> refused,product,read as a stack signal when scoping integrations and competitive positioning,one job function reversing the sign at equal support,,
skillgap-numpy-google-meta,tech_stack,skill_gap,google|meta:NumPy,"difference in share of skilled postings, stratified by job function","Meta asks for NumPy in a larger share of its skilled postings than Google does, by 0.0254 pooled, holding in 1 of 5 job functions","share of skilled postings within matched job functions; a stack difference, not a capability difference","task-06-tables/skill-stratified-verdicts.csv#pooled_diff@skill=NumPy,company_a=google,company_b=meta",-0.0254,06,"skill_gap:task-06-tables/skill-stratified-verdicts.csv#verdict@skill=NumPy,company_a=google,company_b=meta",mixed,True,True,False,True,refused,identification,mixed -> refused,product,read as a stack signal when scoping integrations and competitive positioning,one job function reversing the sign at equal support,,
skillgap-spss-google-meta,tech_stack,skill_gap,google|meta:SPSS,"difference in share of skilled postings, stratified by job function","Meta asks for SPSS in a larger share of its skilled postings than Google does, by 0.0263 pooled, holding in 3 of 5 job functions","share of skilled postings within matched job functions; a stack difference, not a capability difference","task-06-tables/skill-stratified-verdicts.csv#pooled_diff@skill=SPSS,company_a=google,company_b=meta",-0.0263,06,"skill_gap:task-06-tables/skill-stratified-verdicts.csv#verdict@skill=SPSS,company_a=google,company_b=meta",mixed,True,True,False,True,refused,identification,mixed -> refused,product,read as a stack signal when scoping integrations and competitive positioning,one job function reversing the sign at equal support,,
skillgap-git-google-meta,tech_stack,skill_gap,google|meta:Git,"difference in share of skilled postings, stratified by job function","Meta asks for Git in a larger share of its skilled postings than Google does, by 0.0335 pooled, holding in 3 of 5 job functions","share of skilled postings within matched job functions; a stack difference, not a capability difference","task-06-tables/skill-stratified-verdicts.csv#pooled_diff@skill=Git,company_a=google,company_b=meta",-0.0335,06,"skill_gap:task-06-tables/skill-stratified-verdicts.csv#verdict@skill=Git,company_a=google,company_b=meta",mixed,True,True,False,True,refused,identification,mixed -> refused,product,read as a stack signal when scoping integrations and competitive positioning,one job function reversing the sign at equal support,,
skillgap-spark-google-meta,tech_stack,skill_gap,google|meta:Spark,"difference in share of skilled postings, stratified by job function","Meta asks for Spark in a larger share of its skilled postings than Google does, by 0.0388 pooled, holding in 3 of 5 job functions","share of skilled postings within matched job functions; a stack difference, not a capability difference","task-06-tables/skill-stratified-verdicts.csv#pooled_diff@skill=Spark,company_a=google,company_b=meta",-0.0388,06,"skill_gap:task-06-tables/skill-stratified-verdicts.csv#verdict@skill=Spark,company_a=google,company_b=meta",mixed,True,True,False,True,refused,identification,mixed -> refused,product,read as a stack signal when scoping integrations and competitive positioning,one job function reversing the sign at equal support,,
skillgap-matplotlib-google-meta,tech_stack,skill_gap,google|meta:Matplotlib,"difference in share of skilled postings, stratified by job function","Meta asks for Matplotlib in a larger share of its skilled postings than Google does, by 0.0406 pooled, holding in 2 of 5 job functions","share of skilled postings within matched job functions; a stack difference, not a capability difference","task-06-tables/skill-stratified-verdicts.csv#pooled_diff@skill=Matplotlib,company_a=google,company_b=meta",-0.0406,06,"skill_gap:task-06-tables/skill-stratified-verdicts.csv#verdict@skill=Matplotlib,company_a=google,company_b=meta",mixed,True,True,False,True,refused,identification,mixed -> refused,product,read as a stack signal when scoping integrations and competitive positioning,one job function reversing the sign at equal support,,
skillgap-ggplot2-google-meta,tech_stack,skill_gap,google|meta:ggplot2,"difference in share of skilled postings, stratified by job function","Meta asks for ggplot2 in a larger share of its skilled postings than Google does, by 0.0418 pooled, holding in 1 of 5 job functions","share of skilled postings within matched job functions; a stack difference, not a capability difference","task-06-tables/skill-stratified-verdicts.csv#pooled_diff@skill=ggplot2,company_a=google,company_b=meta",-0.0418,06,"skill_gap:task-06-tables/skill-stratified-verdicts.csv#verdict@skill=ggplot2,company_a=google,company_b=meta",mixed,True,True,False,True,refused,identification,mixed -> refused,product,read as a stack signal when scoping integrations and competitive positioning,one job function reversing the sign at equal support,,
skillgap-matlab-google-meta,tech_stack,skill_gap,google|meta:MATLAB,"difference in share of skilled postings, stratified by job function","Meta asks for MATLAB in a larger share of its skilled postings than Google does, by 0.0443 pooled, holding in 2 of 5 job functions","share of skilled postings within matched job functions; a stack difference, not a capability difference","task-06-tables/skill-stratified-verdicts.csv#pooled_diff@skill=MATLAB,company_a=google,company_b=meta",-0.0443,06,"skill_gap:task-06-tables/skill-stratified-verdicts.csv#verdict@skill=MATLAB,company_a=google,company_b=meta",mixed,True,True,False,True,refused,identification,mixed -> refused,product,read as a stack signal when scoping integrations and competitive positioning,one job function reversing the sign at equal support,,
skillgap-hadoop-google-meta,tech_stack,skill_gap,google|meta:Hadoop,"difference in share of skilled postings, stratified by job function","Meta asks for Hadoop in a larger share of its skilled postings than Google does, by 0.0466 pooled, holding in 3 of 5 job functions","share of skilled postings within matched job functions; a stack difference, not a capability difference","task-06-tables/skill-stratified-verdicts.csv#pooled_diff@skill=Hadoop,company_a=google,company_b=meta",-0.0466,06,"skill_gap:task-06-tables/skill-stratified-verdicts.csv#verdict@skill=Hadoop,company_a=google,company_b=meta",mixed,True,True,False,True,refused,identification,mixed -> refused,product,read as a stack signal when scoping integrations and competitive positioning,one job function reversing the sign at equal support,,
skillgap-sas-google-meta,tech_stack,skill_gap,google|meta:SAS,"difference in share of skilled postings, stratified by job function","Meta asks for SAS in a larger share of its skilled postings than Google does, by 0.0470 pooled, holding in 3 of 5 job functions","share of skilled postings within matched job functions; a stack difference, not a capability difference","task-06-tables/skill-stratified-verdicts.csv#pooled_diff@skill=SAS,company_a=google,company_b=meta",-0.047,06,"skill_gap:task-06-tables/skill-stratified-verdicts.csv#verdict@skill=SAS,company_a=google,company_b=meta",mixed,True,True,False,True,refused,identification,mixed -> refused,product,read as a stack signal when scoping integrations and competitive positioning,one job function reversing the sign at equal support,,
skillgap-dplyr-google-meta,tech_stack,skill_gap,google|meta:dplyr,"difference in share of skilled postings, stratified by job function","Meta asks for dplyr in a larger share of its skilled postings than Google does, by 0.0514 pooled, holding in 1 of 5 job functions","share of skilled postings within matched job functions; a stack difference, not a capability difference","task-06-tables/skill-stratified-verdicts.csv#pooled_diff@skill=dplyr,company_a=google,company_b=meta",-0.0514,06,"skill_gap:task-06-tables/skill-stratified-verdicts.csv#verdict@skill=dplyr,company_a=google,company_b=meta",mixed,True,True,False,True,refused,identification,mixed -> refused,product,read as a stack signal when scoping integrations and competitive positioning,one job function reversing the sign at equal support,,
skillgap-tableau-google-meta,tech_stack,skill_gap,google|meta:Tableau,"difference in share of skilled postings, stratified by job function","Meta asks for Tableau in a larger share of its skilled postings than Google does, by 0.0561 pooled, holding in 5 of 5 job functions","share of skilled postings within matched job functions; a stack difference, not a capability difference","task-06-tables/skill-stratified-verdicts.csv#pooled_diff@skill=Tableau,company_a=google,company_b=meta",-0.0561,06,"skill_gap:task-06-tables/skill-stratified-verdicts.csv#verdict@skill=Tableau,company_a=google,company_b=meta",confirmed,True,True,True,True,published,,confirmed -> published,product,read as a stack signal when scoping integrations and competitive positioning,one job function reversing the sign at equal support,,
skillgap-scikit-learn-google-meta,tech_stack,skill_gap,google|meta:scikit-learn,"difference in share of skilled postings, stratified by job function","Meta asks for scikit-learn in a larger share of its skilled postings than Google does, by 0.0577 pooled, holding in 3 of 5 job functions","share of skilled postings within matched job functions; a stack difference, not a capability difference","task-06-tables/skill-stratified-verdicts.csv#pooled_diff@skill=scikit-learn,company_a=google,company_b=meta",-0.0577,06,"skill_gap:task-06-tables/skill-stratified-verdicts.csv#verdict@skill=scikit-learn,company_a=google,company_b=meta",mixed,True,True,False,True,refused,identification,mixed -> refused,product,read as a stack signal when scoping integrations and competitive positioning,one job function reversing the sign at equal support,,
skillgap-php-google-meta,tech_stack,skill_gap,google|meta:PHP,"difference in share of skilled postings, stratified by job function","Meta asks for PHP in a larger share of its skilled postings than Google does, by 0.0688 pooled, holding in 4 of 5 job functions","share of skilled postings within matched job functions; a stack difference, not a capability difference","task-06-tables/skill-stratified-verdicts.csv#pooled_diff@skill=PHP,company_a=google,company_b=meta",-0.0688,06,"skill_gap:task-06-tables/skill-stratified-verdicts.csv#verdict@skill=PHP,company_a=google,company_b=meta",mixed,True,True,False,True,refused,identification,mixed -> refused,product,read as a stack signal when scoping integrations and competitive positioning,one job function reversing the sign at equal support,,
skillgap-c-sharp-google-meta,tech_stack,skill_gap,google|meta:C#,"difference in share of skilled postings, stratified by job function","Meta asks for C# in a larger share of its skilled postings than Google does, by 0.0848 pooled, holding in 4 of 5 job functions","share of skilled postings within matched job functions; a stack difference, not a capability difference","task-06-tables/skill-stratified-verdicts.csv#pooled_diff@skill=C#,company_a=google,company_b=meta",-0.0848,06,"skill_gap:task-06-tables/skill-stratified-verdicts.csv#verdict@skill=C#,company_a=google,company_b=meta",mixed,True,True,False,True,refused,identification,mixed -> refused,product,read as a stack signal when scoping integrations and competitive positioning,one job function reversing the sign at equal support,,
skillgap-r-google-meta,tech_stack,skill_gap,google|meta:R,"difference in share of skilled postings, stratified by job function","Meta asks for R in a larger share of its skilled postings than Google does, by 0.1925 pooled, holding in 5 of 5 job functions","share of skilled postings within matched job functions; a stack difference, not a capability difference","task-06-tables/skill-stratified-verdicts.csv#pooled_diff@skill=R,company_a=google,company_b=meta",-0.1925,06,"skill_gap:task-06-tables/skill-stratified-verdicts.csv#verdict@skill=R,company_a=google,company_b=meta",confirmed,True,True,True,True,published,,confirmed -> published,product,read as a stack signal when scoping integrations and competitive positioning,one job function reversing the sign at equal support,,
skillgap-python-google-meta,tech_stack,skill_gap,google|meta:Python,"difference in share of skilled postings, stratified by job function","Meta asks for Python in a larger share of its skilled postings than Google does, by 0.2361 pooled, holding in 5 of 5 job functions","share of skilled postings within matched job functions; a stack difference, not a capability difference","task-06-tables/skill-stratified-verdicts.csv#pooled_diff@skill=Python,company_a=google,company_b=meta",-0.2361,06,"skill_gap:task-06-tables/skill-stratified-verdicts.csv#verdict@skill=Python,company_a=google,company_b=meta",confirmed,True,True,True,True,published,,confirmed -> published,product,read as a stack signal when scoping integrations and competitive positioning,one job function reversing the sign at equal support,,
skillgap-sql-google-meta,tech_stack,skill_gap,google|meta:SQL,"difference in share of skilled postings, stratified by job function","Meta asks for SQL in a larger share of its skilled postings than Google does, by 0.4293 pooled, holding in 5 of 5 job functions","share of skilled postings within matched job functions; a stack difference, not a capability difference","task-06-tables/skill-stratified-verdicts.csv#pooled_diff@skill=SQL,company_a=google,company_b=meta",-0.4293,06,"skill_gap:task-06-tables/skill-stratified-verdicts.csv#verdict@skill=SQL,company_a=google,company_b=meta",confirmed,True,True,True,True,published,,confirmed -> published,product,read as a stack signal when scoping integrations and competitive positioning,one job function reversing the sign at equal support,,
skillgap-r-google-microsoft,tech_stack,skill_gap,google|microsoft:R,"difference in share of skilled postings, stratified by job function","Google asks for R in a larger share of its skilled postings than Microsoft does, by 0.2065 pooled, holding in 3 of 4 job functions","share of skilled postings within matched job functions; a stack difference, not a capability difference","task-06-tables/skill-stratified-verdicts.csv#pooled_diff@skill=R,company_a=google,company_b=microsoft",0.2065,06,"skill_gap:task-06-tables/skill-stratified-verdicts.csv#verdict@skill=R,company_a=google,company_b=microsoft",mixed,True,True,False,True,refused,identification,mixed -> refused,product,read as a stack signal when scoping integrations and competitive positioning,one job function reversing the sign at equal support,,
skillgap-python-google-microsoft,tech_stack,skill_gap,google|microsoft:Python,"difference in share of skilled postings, stratified by job function","Google asks for Python in a larger share of its skilled postings than Microsoft does, by 0.1497 pooled, holding in 4 of 4 job functions","share of skilled postings within matched job functions; a stack difference, not a capability difference","task-06-tables/skill-stratified-verdicts.csv#pooled_diff@skill=Python,company_a=google,company_b=microsoft",0.1497,06,"skill_gap:task-06-tables/skill-stratified-verdicts.csv#verdict@skill=Python,company_a=google,company_b=microsoft",confirmed,True,True,True,True,published,,confirmed -> published,product,read as a stack signal when scoping integrations and competitive positioning,one job function reversing the sign at equal support,,
skillgap-looker-google-microsoft,tech_stack,skill_gap,google|microsoft:Looker,"difference in share of skilled postings, stratified by job function","Google asks for Looker in a larger share of its skilled postings than Microsoft does, by 0.1162 pooled, holding in 3 of 4 job functions","share of skilled postings within matched job functions; a stack difference, not a capability difference","task-06-tables/skill-stratified-verdicts.csv#pooled_diff@skill=Looker,company_a=google,company_b=microsoft",0.1162,06,"skill_gap:task-06-tables/skill-stratified-verdicts.csv#verdict@skill=Looker,company_a=google,company_b=microsoft",mixed,True,True,False,True,refused,identification,mixed -> refused,product,read as a stack signal when scoping integrations and competitive positioning,one job function reversing the sign at equal support,,
skillgap-go-google-microsoft,tech_stack,skill_gap,google|microsoft:Go,"difference in share of skilled postings, stratified by job function","Google asks for Go in a larger share of its skilled postings than Microsoft does, by 0.1140 pooled, holding in 2 of 4 job functions","share of skilled postings within matched job functions; a stack difference, not a capability difference","task-06-tables/skill-stratified-verdicts.csv#pooled_diff@skill=Go,company_a=google,company_b=microsoft",0.114,06,"skill_gap:task-06-tables/skill-stratified-verdicts.csv#verdict@skill=Go,company_a=google,company_b=microsoft",mixed,True,True,False,True,refused,identification,mixed -> refused,product,read as a stack signal when scoping integrations and competitive positioning,one job function reversing the sign at equal support,,
skillgap-bigquery-google-microsoft,tech_stack,skill_gap,google|microsoft:BigQuery,"difference in share of skilled postings, stratified by job function","Google asks for BigQuery in a larger share of its skilled postings than Microsoft does, by 0.1060 pooled, holding in 3 of 4 job functions","share of skilled postings within matched job functions; a stack difference, not a capability difference","task-06-tables/skill-stratified-verdicts.csv#pooled_diff@skill=BigQuery,company_a=google,company_b=microsoft",0.106,06,"skill_gap:task-06-tables/skill-stratified-verdicts.csv#verdict@skill=BigQuery,company_a=google,company_b=microsoft",mixed,True,True,False,True,refused,identification,mixed -> refused,product,read as a stack signal when scoping integrations and competitive positioning,one job function reversing the sign at equal support,,
skillgap-machine-learning-google-microsoft,tech_stack,skill_gap,google|microsoft:Machine Learning,"difference in share of skilled postings, stratified by job function","Google asks for Machine Learning in a larger share of its skilled postings than Microsoft does, by 0.0860 pooled, holding in 3 of 4 job functions","share of skilled postings within matched job functions; a stack difference, not a capability difference","task-06-tables/skill-stratified-verdicts.csv#pooled_diff@skill=Machine Learning,company_a=google,company_b=microsoft",0.086,06,"skill_gap:task-06-tables/skill-stratified-verdicts.csv#verdict@skill=Machine Learning,company_a=google,company_b=microsoft",mixed,True,True,False,True,refused,identification,mixed -> refused,product,read as a stack signal when scoping integrations and competitive positioning,one job function reversing the sign at equal support,,
skillgap-nosql-google-microsoft,tech_stack,skill_gap,google|microsoft:NoSQL,"difference in share of skilled postings, stratified by job function","Google asks for NoSQL in a larger share of its skilled postings than Microsoft does, by 0.0479 pooled, holding in 2 of 4 job functions","share of skilled postings within matched job functions; a stack difference, not a capability difference","task-06-tables/skill-stratified-verdicts.csv#pooled_diff@skill=NoSQL,company_a=google,company_b=microsoft",0.0479,06,"skill_gap:task-06-tables/skill-stratified-verdicts.csv#verdict@skill=NoSQL,company_a=google,company_b=microsoft",mixed,True,True,False,True,refused,identification,mixed -> refused,product,read as a stack signal when scoping integrations and competitive positioning,one job function reversing the sign at equal support,,
skillgap-tensorflow-google-microsoft,tech_stack,skill_gap,google|microsoft:TensorFlow,"difference in share of skilled postings, stratified by job function","Google asks for TensorFlow in a larger share of its skilled postings than Microsoft does, by 0.0443 pooled, holding in 2 of 4 job functions","share of skilled postings within matched job functions; a stack difference, not a capability difference","task-06-tables/skill-stratified-verdicts.csv#pooled_diff@skill=TensorFlow,company_a=google,company_b=microsoft",0.0443,06,"skill_gap:task-06-tables/skill-stratified-verdicts.csv#verdict@skill=TensorFlow,company_a=google,company_b=microsoft",mixed,True,True,False,True,refused,identification,mixed -> refused,product,read as a stack signal when scoping integrations and competitive positioning,one job function reversing the sign at equal support,,
skillgap-linux-google-microsoft,tech_stack,skill_gap,google|microsoft:Linux,"difference in share of skilled postings, stratified by job function","Google asks for Linux in a larger share of its skilled postings than Microsoft does, by 0.0331 pooled, holding in 2 of 4 job functions","share of skilled postings within matched job functions; a stack difference, not a capability difference","task-06-tables/skill-stratified-verdicts.csv#pooled_diff@skill=Linux,company_a=google,company_b=microsoft",0.0331,06,"skill_gap:task-06-tables/skill-stratified-verdicts.csv#verdict@skill=Linux,company_a=google,company_b=microsoft",mixed,True,True,False,True,refused,identification,mixed -> refused,product,read as a stack signal when scoping integrations and competitive positioning,one job function reversing the sign at equal support,,
skillgap-angular-google-microsoft,tech_stack,skill_gap,google|microsoft:Angular,"difference in share of skilled postings, stratified by job function","Microsoft asks for Angular in a larger share of its skilled postings than Google does, by 0.0172 pooled, holding in 1 of 4 job functions","share of skilled postings within matched job functions; a stack difference, not a capability difference","task-06-tables/skill-stratified-verdicts.csv#pooled_diff@skill=Angular,company_a=google,company_b=microsoft",-0.0172,06,"skill_gap:task-06-tables/skill-stratified-verdicts.csv#verdict@skill=Angular,company_a=google,company_b=microsoft",mixed,True,True,False,True,refused,identification,mixed -> refused,product,read as a stack signal when scoping integrations and competitive positioning,one job function reversing the sign at equal support,,
skillgap-github-google-microsoft,tech_stack,skill_gap,google|microsoft:GitHub,"difference in share of skilled postings, stratified by job function","Microsoft asks for GitHub in a larger share of its skilled postings than Google does, by 0.0134 pooled, holding in 3 of 4 job functions","share of skilled postings within matched job functions; a stack difference, not a capability difference","task-06-tables/skill-stratified-verdicts.csv#pooled_diff@skill=GitHub,company_a=google,company_b=microsoft",-0.0134,06,"skill_gap:task-06-tables/skill-stratified-verdicts.csv#verdict@skill=GitHub,company_a=google,company_b=microsoft",mixed,True,True,False,True,refused,identification,mixed -> refused,product,read as a stack signal when scoping integrations and competitive positioning,one job function reversing the sign at equal support,,
skillgap-mysql-google-microsoft,tech_stack,skill_gap,google|microsoft:MySQL,"difference in share of skilled postings, stratified by job function","Microsoft asks for MySQL in a larger share of its skilled postings than Google does, by 0.0178 pooled, holding in 2 of 4 job functions","share of skilled postings within matched job functions; a stack difference, not a capability difference","task-06-tables/skill-stratified-verdicts.csv#pooled_diff@skill=MySQL,company_a=google,company_b=microsoft",-0.0178,06,"skill_gap:task-06-tables/skill-stratified-verdicts.csv#verdict@skill=MySQL,company_a=google,company_b=microsoft",mixed,True,True,False,True,refused,identification,mixed -> refused,product,read as a stack signal when scoping integrations and competitive positioning,one job function reversing the sign at equal support,,
skillgap-scikit-learn-google-microsoft,tech_stack,skill_gap,google|microsoft:scikit-learn,"difference in share of skilled postings, stratified by job function","Microsoft asks for scikit-learn in a larger share of its skilled postings than Google does, by 0.0216 pooled, holding in 2 of 4 job functions","share of skilled postings within matched job functions; a stack difference, not a capability difference","task-06-tables/skill-stratified-verdicts.csv#pooled_diff@skill=scikit-learn,company_a=google,company_b=microsoft",-0.0216,06,"skill_gap:task-06-tables/skill-stratified-verdicts.csv#verdict@skill=scikit-learn,company_a=google,company_b=microsoft",mixed,True,True,False,True,refused,identification,mixed -> refused,product,read as a stack signal when scoping integrations and competitive positioning,one job function reversing the sign at equal support,,
skillgap-powerpoint-google-microsoft,tech_stack,skill_gap,google|microsoft:PowerPoint,"difference in share of skilled postings, stratified by job function","Microsoft asks for PowerPoint in a larger share of its skilled postings than Google does, by 0.0203 pooled, holding in 3 of 4 job functions","share of skilled postings within matched job functions; a stack difference, not a capability difference","task-06-tables/skill-stratified-verdicts.csv#pooled_diff@skill=PowerPoint,company_a=google,company_b=microsoft",-0.0203,06,"skill_gap:task-06-tables/skill-stratified-verdicts.csv#verdict@skill=PowerPoint,company_a=google,company_b=microsoft",mixed,True,True,False,True,refused,identification,mixed -> refused,product,read as a stack signal when scoping integrations and competitive positioning,one job function reversing the sign at equal support,,
skillgap-ruby-google-microsoft,tech_stack,skill_gap,google|microsoft:Ruby,"difference in share of skilled postings, stratified by job function","Microsoft asks for Ruby in a larger share of its skilled postings than Google does, by 0.0206 pooled, holding in 3 of 4 job functions","share of skilled postings within matched job functions; a stack difference, not a capability difference","task-06-tables/skill-stratified-verdicts.csv#pooled_diff@skill=Ruby,company_a=google,company_b=microsoft",-0.0206,06,"skill_gap:task-06-tables/skill-stratified-verdicts.csv#verdict@skill=Ruby,company_a=google,company_b=microsoft",mixed,True,True,False,True,refused,identification,mixed -> refused,product,read as a stack signal when scoping integrations and competitive positioning,one job function reversing the sign at equal support,,
skillgap-cassandra-google-microsoft,tech_stack,skill_gap,google|microsoft:Cassandra,"difference in share of skilled postings, stratified by job function","Microsoft asks for Cassandra in a larger share of its skilled postings than Google does, by 0.0209 pooled, holding in 3 of 4 job functions","share of skilled postings within matched job functions; a stack difference, not a capability difference","task-06-tables/skill-stratified-verdicts.csv#pooled_diff@skill=Cassandra,company_a=google,company_b=microsoft",-0.0209,06,"skill_gap:task-06-tables/skill-stratified-verdicts.csv#verdict@skill=Cassandra,company_a=google,company_b=microsoft",mixed,True,True,False,True,refused,identification,mixed -> refused,product,read as a stack signal when scoping integrations and competitive positioning,one job function reversing the sign at equal support,,
skillgap-git-google-microsoft,tech_stack,skill_gap,google|microsoft:Git,"difference in share of skilled postings, stratified by job function","Microsoft asks for Git in a larger share of its skilled postings than Google does, by 0.0223 pooled, holding in 2 of 4 job functions","share of skilled postings within matched job functions; a stack difference, not a capability difference","task-06-tables/skill-stratified-verdicts.csv#pooled_diff@skill=Git,company_a=google,company_b=microsoft",-0.0223,06,"skill_gap:task-06-tables/skill-stratified-verdicts.csv#verdict@skill=Git,company_a=google,company_b=microsoft",mixed,True,True,False,True,refused,identification,mixed -> refused,product,read as a stack signal when scoping integrations and competitive positioning,one job function reversing the sign at equal support,,
skillgap-redis-google-microsoft,tech_stack,skill_gap,google|microsoft:Redis,"difference in share of skilled postings, stratified by job function","Microsoft asks for Redis in a larger share of its skilled postings than Google does, by 0.0247 pooled, holding in 2 of 4 job functions","share of skilled postings within matched job functions; a stack difference, not a capability difference","task-06-tables/skill-stratified-verdicts.csv#pooled_diff@skill=Redis,company_a=google,company_b=microsoft",-0.0247,06,"skill_gap:task-06-tables/skill-stratified-verdicts.csv#verdict@skill=Redis,company_a=google,company_b=microsoft",mixed,True,True,False,True,refused,identification,mixed -> refused,product,read as a stack signal when scoping integrations and competitive positioning,one job function reversing the sign at equal support,,
skillgap-microsoft-word-google-microsoft,tech_stack,skill_gap,google|microsoft:Microsoft Word,"difference in share of skilled postings, stratified by job function","Microsoft asks for Microsoft Word in a larger share of its skilled postings than Google does, by 0.0253 pooled, holding in 3 of 4 job functions","share of skilled postings within matched job functions; a stack difference, not a capability difference","task-06-tables/skill-stratified-verdicts.csv#pooled_diff@skill=Microsoft Word,company_a=google,company_b=microsoft",-0.0253,06,"skill_gap:task-06-tables/skill-stratified-verdicts.csv#verdict@skill=Microsoft Word,company_a=google,company_b=microsoft",mixed,True,True,False,True,refused,identification,mixed -> refused,product,read as a stack signal when scoping integrations and competitive positioning,one job function reversing the sign at equal support,,
skillgap-perl-google-microsoft,tech_stack,skill_gap,google|microsoft:Perl,"difference in share of skilled postings, stratified by job function","Microsoft asks for Perl in a larger share of its skilled postings than Google does, by 0.0318 pooled, holding in 3 of 4 job functions","share of skilled postings within matched job functions; a stack difference, not a capability difference","task-06-tables/skill-stratified-verdicts.csv#pooled_diff@skill=Perl,company_a=google,company_b=microsoft",-0.0318,06,"skill_gap:task-06-tables/skill-stratified-verdicts.csv#verdict@skill=Perl,company_a=google,company_b=microsoft",mixed,True,True,False,True,refused,identification,mixed -> refused,product,read as a stack signal when scoping integrations and competitive positioning,one job function reversing the sign at equal support,,
skillgap-postgresql-google-microsoft,tech_stack,skill_gap,google|microsoft:PostgreSQL,"difference in share of skilled postings, stratified by job function","Microsoft asks for PostgreSQL in a larger share of its skilled postings than Google does, by 0.0304 pooled, holding in 1 of 4 job functions","share of skilled postings within matched job functions; a stack difference, not a capability difference","task-06-tables/skill-stratified-verdicts.csv#pooled_diff@skill=PostgreSQL,company_a=google,company_b=microsoft",-0.0304,06,"skill_gap:task-06-tables/skill-stratified-verdicts.csv#verdict@skill=PostgreSQL,company_a=google,company_b=microsoft",mixed,True,True,False,True,refused,identification,mixed -> refused,product,read as a stack signal when scoping integrations and competitive positioning,one job function reversing the sign at equal support,,
skillgap-kafka-google-microsoft,tech_stack,skill_gap,google|microsoft:Kafka,"difference in share of skilled postings, stratified by job function","Microsoft asks for Kafka in a larger share of its skilled postings than Google does, by 0.0337 pooled, holding in 3 of 4 job functions","share of skilled postings within matched job functions; a stack difference, not a capability difference","task-06-tables/skill-stratified-verdicts.csv#pooled_diff@skill=Kafka,company_a=google,company_b=microsoft",-0.0337,06,"skill_gap:task-06-tables/skill-stratified-verdicts.csv#verdict@skill=Kafka,company_a=google,company_b=microsoft",mixed,True,True,False,True,refused,identification,mixed -> refused,product,read as a stack signal when scoping integrations and competitive positioning,one job function reversing the sign at equal support,,
skillgap-powershell-google-microsoft,tech_stack,skill_gap,google|microsoft:PowerShell,"difference in share of skilled postings, stratified by job function","Microsoft asks for PowerShell in a larger share of its skilled postings than Google does, by 0.0345 pooled, holding in 2 of 4 job functions","share of skilled postings within matched job functions; a stack difference, not a capability difference","task-06-tables/skill-stratified-verdicts.csv#pooled_diff@skill=PowerShell,company_a=google,company_b=microsoft",-0.0345,06,"skill_gap:task-06-tables/skill-stratified-verdicts.csv#verdict@skill=PowerShell,company_a=google,company_b=microsoft",mixed,True,True,False,True,refused,identification,mixed -> refused,product,read as a stack signal when scoping integrations and competitive positioning,one job function reversing the sign at equal support,,
skillgap-css-google-microsoft,tech_stack,skill_gap,google|microsoft:CSS,"difference in share of skilled postings, stratified by job function","Microsoft asks for CSS in a larger share of its skilled postings than Google does, by 0.0347 pooled, holding in 2 of 4 job functions","share of skilled postings within matched job functions; a stack difference, not a capability difference","task-06-tables/skill-stratified-verdicts.csv#pooled_diff@skill=CSS,company_a=google,company_b=microsoft",-0.0347,06,"skill_gap:task-06-tables/skill-stratified-verdicts.csv#verdict@skill=CSS,company_a=google,company_b=microsoft",mixed,True,True,False,True,refused,identification,mixed -> refused,product,read as a stack signal when scoping integrations and competitive positioning,one job function reversing the sign at equal support,,
skillgap-microsoft-outlook-google-microsoft,tech_stack,skill_gap,google|microsoft:Microsoft Outlook,"difference in share of skilled postings, stratified by job function","Microsoft asks for Microsoft Outlook in a larger share of its skilled postings than Google does, by 0.0354 pooled, holding in 4 of 4 job functions","share of skilled postings within matched job functions; a stack difference, not a capability difference","task-06-tables/skill-stratified-verdicts.csv#pooled_diff@skill=Microsoft Outlook,company_a=google,company_b=microsoft",-0.0354,06,"skill_gap:task-06-tables/skill-stratified-verdicts.csv#verdict@skill=Microsoft Outlook,company_a=google,company_b=microsoft",confirmed,True,True,True,True,published,,confirmed -> published,product,read as a stack signal when scoping integrations and competitive positioning,one job function reversing the sign at equal support,,
skillgap-react-google-microsoft,tech_stack,skill_gap,google|microsoft:React,"difference in share of skilled postings, stratified by job function","Microsoft asks for React in a larger share of its skilled postings than Google does, by 0.0367 pooled, holding in 2 of 4 job functions","share of skilled postings within matched job functions; a stack difference, not a capability difference","task-06-tables/skill-stratified-verdicts.csv#pooled_diff@skill=React,company_a=google,company_b=microsoft",-0.0367,06,"skill_gap:task-06-tables/skill-stratified-verdicts.csv#verdict@skill=React,company_a=google,company_b=microsoft",mixed,True,True,False,True,refused,identification,mixed -> refused,product,read as a stack signal when scoping integrations and competitive positioning,one job function reversing the sign at equal support,,
skillgap-docker-google-microsoft,tech_stack,skill_gap,google|microsoft:Docker,"difference in share of skilled postings, stratified by job function","Microsoft asks for Docker in a larger share of its skilled postings than Google does, by 0.0333 pooled, holding in 4 of 4 job functions","share of skilled postings within matched job functions; a stack difference, not a capability difference","task-06-tables/skill-stratified-verdicts.csv#pooled_diff@skill=Docker,company_a=google,company_b=microsoft",-0.0333,06,"skill_gap:task-06-tables/skill-stratified-verdicts.csv#verdict@skill=Docker,company_a=google,company_b=microsoft",confirmed,True,True,True,True,published,,confirmed -> published,product,read as a stack signal when scoping integrations and competitive positioning,one job function reversing the sign at equal support,,
skillgap-sql-server-google-microsoft,tech_stack,skill_gap,google|microsoft:SQL Server,"difference in share of skilled postings, stratified by job function","Microsoft asks for SQL Server in a larger share of its skilled postings than Google does, by 0.0456 pooled, holding in 4 of 4 job functions","share of skilled postings within matched job functions; a stack difference, not a capability difference","task-06-tables/skill-stratified-verdicts.csv#pooled_diff@skill=SQL Server,company_a=google,company_b=microsoft",-0.0456,06,"skill_gap:task-06-tables/skill-stratified-verdicts.csv#verdict@skill=SQL Server,company_a=google,company_b=microsoft",confirmed,True,True,True,True,published,,confirmed -> published,product,read as a stack signal when scoping integrations and competitive positioning,one job function reversing the sign at equal support,,
skillgap-sharepoint-google-microsoft,tech_stack,skill_gap,google|microsoft:SharePoint,"difference in share of skilled postings, stratified by job function","Microsoft asks for SharePoint in a larger share of its skilled postings than Google does, by 0.0507 pooled, holding in 4 of 4 job functions","share of skilled postings within matched job functions; a stack difference, not a capability difference","task-06-tables/skill-stratified-verdicts.csv#pooled_diff@skill=SharePoint,company_a=google,company_b=microsoft",-0.0507,06,"skill_gap:task-06-tables/skill-stratified-verdicts.csv#verdict@skill=SharePoint,company_a=google,company_b=microsoft",confirmed,True,True,True,True,published,,confirmed -> published,product,read as a stack signal when scoping integrations and competitive positioning,one job function reversing the sign at equal support,,
skillgap-pytorch-google-microsoft,tech_stack,skill_gap,google|microsoft:PyTorch,"difference in share of skilled postings, stratified by job function","Microsoft asks for PyTorch in a larger share of its skilled postings than Google does, by 0.0544 pooled, holding in 2 of 4 job functions","share of skilled postings within matched job functions; a stack difference, not a capability difference","task-06-tables/skill-stratified-verdicts.csv#pooled_diff@skill=PyTorch,company_a=google,company_b=microsoft",-0.0544,06,"skill_gap:task-06-tables/skill-stratified-verdicts.csv#verdict@skill=PyTorch,company_a=google,company_b=microsoft",mixed,True,True,False,True,refused,identification,mixed -> refused,product,read as a stack signal when scoping integrations and competitive positioning,one job function reversing the sign at equal support,,
skillgap-kubernetes-google-microsoft,tech_stack,skill_gap,google|microsoft:Kubernetes,"difference in share of skilled postings, stratified by job function","Microsoft asks for Kubernetes in a larger share of its skilled postings than Google does, by 0.0545 pooled, holding in 4 of 4 job functions","share of skilled postings within matched job functions; a stack difference, not a capability difference","task-06-tables/skill-stratified-verdicts.csv#pooled_diff@skill=Kubernetes,company_a=google,company_b=microsoft",-0.0545,06,"skill_gap:task-06-tables/skill-stratified-verdicts.csv#verdict@skill=Kubernetes,company_a=google,company_b=microsoft",confirmed,True,True,True,True,published,,confirmed -> published,product,read as a stack signal when scoping integrations and competitive positioning,one job function reversing the sign at equal support,,
skillgap-hadoop-google-microsoft,tech_stack,skill_gap,google|microsoft:Hadoop,"difference in share of skilled postings, stratified by job function","Microsoft asks for Hadoop in a larger share of its skilled postings than Google does, by 0.0611 pooled, holding in 3 of 4 job functions","share of skilled postings within matched job functions; a stack difference, not a capability difference","task-06-tables/skill-stratified-verdicts.csv#pooled_diff@skill=Hadoop,company_a=google,company_b=microsoft",-0.0611,06,"skill_gap:task-06-tables/skill-stratified-verdicts.csv#verdict@skill=Hadoop,company_a=google,company_b=microsoft",mixed,True,True,False,True,refused,identification,mixed -> refused,product,read as a stack signal when scoping integrations and competitive positioning,one job function reversing the sign at equal support,,
skillgap-excel-google-microsoft,tech_stack,skill_gap,google|microsoft:Excel,"difference in share of skilled postings, stratified by job function","Microsoft asks for Excel in a larger share of its skilled postings than Google does, by 0.0654 pooled, holding in 4 of 4 job functions","share of skilled postings within matched job functions; a stack difference, not a capability difference","task-06-tables/skill-stratified-verdicts.csv#pooled_diff@skill=Excel,company_a=google,company_b=microsoft",-0.0654,06,"skill_gap:task-06-tables/skill-stratified-verdicts.csv#verdict@skill=Excel,company_a=google,company_b=microsoft",confirmed,True,True,True,True,published,,confirmed -> published,product,read as a stack signal when scoping integrations and competitive positioning,one job function reversing the sign at equal support,,
skillgap-aws-google-microsoft,tech_stack,skill_gap,google|microsoft:AWS,"difference in share of skilled postings, stratified by job function","Microsoft asks for AWS in a larger share of its skilled postings than Google does, by 0.0807 pooled, holding in 4 of 4 job functions","share of skilled postings within matched job functions; a stack difference, not a capability difference","task-06-tables/skill-stratified-verdicts.csv#pooled_diff@skill=AWS,company_a=google,company_b=microsoft",-0.0807,06,"skill_gap:task-06-tables/skill-stratified-verdicts.csv#verdict@skill=AWS,company_a=google,company_b=microsoft",confirmed,True,True,True,True,published,,confirmed -> published,product,read as a stack signal when scoping integrations and competitive positioning,one job function reversing the sign at equal support,,
skillgap-databricks-google-microsoft,tech_stack,skill_gap,google|microsoft:Databricks,"difference in share of skilled postings, stratified by job function","Microsoft asks for Databricks in a larger share of its skilled postings than Google does, by 0.1359 pooled, holding in 4 of 4 job functions","share of skilled postings within matched job functions; a stack difference, not a capability difference","task-06-tables/skill-stratified-verdicts.csv#pooled_diff@skill=Databricks,company_a=google,company_b=microsoft",-0.1359,06,"skill_gap:task-06-tables/skill-stratified-verdicts.csv#verdict@skill=Databricks,company_a=google,company_b=microsoft",confirmed,True,True,True,True,published,,confirmed -> published,product,read as a stack signal when scoping integrations and competitive positioning,one job function reversing the sign at equal support,,
skillgap-windows-google-microsoft,tech_stack,skill_gap,google|microsoft:Windows,"difference in share of skilled postings, stratified by job function","Microsoft asks for Windows in a larger share of its skilled postings than Google does, by 0.1355 pooled, holding in 4 of 4 job functions","share of skilled postings within matched job functions; a stack difference, not a capability difference","task-06-tables/skill-stratified-verdicts.csv#pooled_diff@skill=Windows,company_a=google,company_b=microsoft",-0.1355,06,"skill_gap:task-06-tables/skill-stratified-verdicts.csv#verdict@skill=Windows,company_a=google,company_b=microsoft",confirmed,True,True,True,True,published,,confirmed -> published,product,read as a stack signal when scoping integrations and competitive positioning,one job function reversing the sign at equal support,,
skillgap-power-bi-google-microsoft,tech_stack,skill_gap,google|microsoft:Power BI,"difference in share of skilled postings, stratified by job function","Microsoft asks for Power BI in a larger share of its skilled postings than Google does, by 0.1659 pooled, holding in 3 of 4 job functions","share of skilled postings within matched job functions; a stack difference, not a capability difference","task-06-tables/skill-stratified-verdicts.csv#pooled_diff@skill=Power BI,company_a=google,company_b=microsoft",-0.1659,06,"skill_gap:task-06-tables/skill-stratified-verdicts.csv#verdict@skill=Power BI,company_a=google,company_b=microsoft",mixed,True,True,False,True,refused,identification,mixed -> refused,product,read as a stack signal when scoping integrations and competitive positioning,one job function reversing the sign at equal support,,
skillgap-spark-google-microsoft,tech_stack,skill_gap,google|microsoft:Spark,"difference in share of skilled postings, stratified by job function","Microsoft asks for Spark in a larger share of its skilled postings than Google does, by 0.2265 pooled, holding in 4 of 4 job functions","share of skilled postings within matched job functions; a stack difference, not a capability difference","task-06-tables/skill-stratified-verdicts.csv#pooled_diff@skill=Spark,company_a=google,company_b=microsoft",-0.2265,06,"skill_gap:task-06-tables/skill-stratified-verdicts.csv#verdict@skill=Spark,company_a=google,company_b=microsoft",confirmed,True,True,True,True,published,,confirmed -> published,product,read as a stack signal when scoping integrations and competitive positioning,one job function reversing the sign at equal support,,
skillgap-c-sharp-google-microsoft,tech_stack,skill_gap,google|microsoft:C#,"difference in share of skilled postings, stratified by job function","Microsoft asks for C# in a larger share of its skilled postings than Google does, by 0.3473 pooled, holding in 4 of 4 job functions","share of skilled postings within matched job functions; a stack difference, not a capability difference","task-06-tables/skill-stratified-verdicts.csv#pooled_diff@skill=C#,company_a=google,company_b=microsoft",-0.3473,06,"skill_gap:task-06-tables/skill-stratified-verdicts.csv#verdict@skill=C#,company_a=google,company_b=microsoft",confirmed,True,True,True,True,published,,confirmed -> published,product,read as a stack signal when scoping integrations and competitive positioning,one job function reversing the sign at equal support,,
skillgap-azure-google-microsoft,tech_stack,skill_gap,google|microsoft:Azure,"difference in share of skilled postings, stratified by job function","Microsoft asks for Azure in a larger share of its skilled postings than Google does, by 0.6101 pooled, holding in 4 of 4 job functions","share of skilled postings within matched job functions; a stack difference, not a capability difference","task-06-tables/skill-stratified-verdicts.csv#pooled_diff@skill=Azure,company_a=google,company_b=microsoft",-0.6101,06,"skill_gap:task-06-tables/skill-stratified-verdicts.csv#verdict@skill=Azure,company_a=google,company_b=microsoft",confirmed,True,True,True,True,published,,confirmed -> published,product,read as a stack signal when scoping integrations and competitive positioning,one job function reversing the sign at equal support,,
skillgap-r-google-nvidia,tech_stack,skill_gap,google|nvidia:R,"difference in share of skilled postings, stratified by job function","Google asks for R in a larger share of its skilled postings than Nvidia does, by 0.3212 pooled, holding in 4 of 5 job functions","share of skilled postings within matched job functions; a stack difference, not a capability difference","task-06-tables/skill-stratified-verdicts.csv#pooled_diff@skill=R,company_a=google,company_b=nvidia",0.3212,06,"skill_gap:task-06-tables/skill-stratified-verdicts.csv#verdict@skill=R,company_a=google,company_b=nvidia",mixed,True,True,False,True,refused,identification,mixed -> refused,product,read as a stack signal when scoping integrations and competitive positioning,one job function reversing the sign at equal support,,
skillgap-sql-google-nvidia,tech_stack,skill_gap,google|nvidia:SQL,"difference in share of skilled postings, stratified by job function","Google asks for SQL in a larger share of its skilled postings than Nvidia does, by 0.1993 pooled, holding in 4 of 5 job functions","share of skilled postings within matched job functions; a stack difference, not a capability difference","task-06-tables/skill-stratified-verdicts.csv#pooled_diff@skill=SQL,company_a=google,company_b=nvidia",0.1993,06,"skill_gap:task-06-tables/skill-stratified-verdicts.csv#verdict@skill=SQL,company_a=google,company_b=nvidia",mixed,True,True,False,True,refused,identification,mixed -> refused,product,read as a stack signal when scoping integrations and competitive positioning,one job function reversing the sign at equal support,,
skillgap-looker-google-nvidia,tech_stack,skill_gap,google|nvidia:Looker,"difference in share of skilled postings, stratified by job function","Google asks for Looker in a larger share of its skilled postings than Nvidia does, by 0.1162 pooled, holding in 4 of 5 job functions","share of skilled postings within matched job functions; a stack difference, not a capability difference","task-06-tables/skill-stratified-verdicts.csv#pooled_diff@skill=Looker,company_a=google,company_b=nvidia",0.1162,06,"skill_gap:task-06-tables/skill-stratified-verdicts.csv#verdict@skill=Looker,company_a=google,company_b=nvidia",mixed,True,True,False,True,refused,identification,mixed -> refused,product,read as a stack signal when scoping integrations and competitive positioning,one job function reversing the sign at equal support,,
skillgap-javascript-google-nvidia,tech_stack,skill_gap,google|nvidia:JavaScript,"difference in share of skilled postings, stratified by job function","Google asks for JavaScript in a larger share of its skilled postings than Nvidia does, by 0.1072 pooled, holding in 4 of 5 job functions","share of skilled postings within matched job functions; a stack difference, not a capability difference","task-06-tables/skill-stratified-verdicts.csv#pooled_diff@skill=JavaScript,company_a=google,company_b=nvidia",0.1072,06,"skill_gap:task-06-tables/skill-stratified-verdicts.csv#verdict@skill=JavaScript,company_a=google,company_b=nvidia",mixed,True,True,False,True,refused,identification,mixed -> refused,product,read as a stack signal when scoping integrations and competitive positioning,one job function reversing the sign at equal support,,
skillgap-bigquery-google-nvidia,tech_stack,skill_gap,google|nvidia:BigQuery,"difference in share of skilled postings, stratified by job function","Google asks for BigQuery in a larger share of its skilled postings than Nvidia does, by 0.1060 pooled, holding in 4 of 5 job functions","share of skilled postings within matched job functions; a stack difference, not a capability difference","task-06-tables/skill-stratified-verdicts.csv#pooled_diff@skill=BigQuery,company_a=google,company_b=nvidia",0.106,06,"skill_gap:task-06-tables/skill-stratified-verdicts.csv#verdict@skill=BigQuery,company_a=google,company_b=nvidia",mixed,True,True,False,True,refused,identification,mixed -> refused,product,read as a stack signal when scoping integrations and competitive positioning,one job function reversing the sign at equal support,,
skillgap-sas-google-nvidia,tech_stack,skill_gap,google|nvidia:SAS,"difference in share of skilled postings, stratified by job function","Google asks for SAS in a larger share of its skilled postings than Nvidia does, by 0.0581 pooled, holding in 3 of 5 job functions","share of skilled postings within matched job functions; a stack difference, not a capability difference","task-06-tables/skill-stratified-verdicts.csv#pooled_diff@skill=SAS,company_a=google,company_b=nvidia",0.0581,06,"skill_gap:task-06-tables/skill-stratified-verdicts.csv#verdict@skill=SAS,company_a=google,company_b=nvidia",mixed,True,True,False,True,refused,identification,mixed -> refused,product,read as a stack signal when scoping integrations and competitive positioning,one job function reversing the sign at equal support,,
skillgap-matlab-google-nvidia,tech_stack,skill_gap,google|nvidia:MATLAB,"difference in share of skilled postings, stratified by job function","Google asks for MATLAB in a larger share of its skilled postings than Nvidia does, by 0.0513 pooled, holding in 4 of 5 job functions","share of skilled postings within matched job functions; a stack difference, not a capability difference","task-06-tables/skill-stratified-verdicts.csv#pooled_diff@skill=MATLAB,company_a=google,company_b=nvidia",0.0513,06,"skill_gap:task-06-tables/skill-stratified-verdicts.csv#verdict@skill=MATLAB,company_a=google,company_b=nvidia",mixed,True,True,False,True,refused,identification,mixed -> refused,product,read as a stack signal when scoping integrations and competitive positioning,one job function reversing the sign at equal support,,
skillgap-express-google-nvidia,tech_stack,skill_gap,google|nvidia:Express,"difference in share of skilled postings, stratified by job function","Google asks for Express in a larger share of its skilled postings than Nvidia does, by 0.0256 pooled, holding in 2 of 5 job functions","share of skilled postings within matched job functions; a stack difference, not a capability difference","task-06-tables/skill-stratified-verdicts.csv#pooled_diff@skill=Express,company_a=google,company_b=nvidia",0.0256,06,"skill_gap:task-06-tables/skill-stratified-verdicts.csv#verdict@skill=Express,company_a=google,company_b=nvidia",mixed,True,True,False,True,refused,identification,mixed -> refused,product,read as a stack signal when scoping integrations and competitive positioning,one job function reversing the sign at equal support,,
skillgap-c-sharp-google-nvidia,tech_stack,skill_gap,google|nvidia:C#,"difference in share of skilled postings, stratified by job function","Google asks for C# in a larger share of its skilled postings than Nvidia does, by 0.0239 pooled, holding in 3 of 5 job functions","share of skilled postings within matched job functions; a stack difference, not a capability difference","task-06-tables/skill-stratified-verdicts.csv#pooled_diff@skill=C#,company_a=google,company_b=nvidia",0.0239,06,"skill_gap:task-06-tables/skill-stratified-verdicts.csv#verdict@skill=C#,company_a=google,company_b=nvidia",mixed,True,True,False,True,refused,identification,mixed -> refused,product,read as a stack signal when scoping integrations and competitive positioning,one job function reversing the sign at equal support,,
skillgap-jenkins-google-nvidia,tech_stack,skill_gap,google|nvidia:Jenkins,"difference in share of skilled postings, stratified by job function","Nvidia asks for Jenkins in a larger share of its skilled postings than Google does, by 0.0380 pooled, holding in 1 of 5 job functions","share of skilled postings within matched job functions; a stack difference, not a capability difference","task-06-tables/skill-stratified-verdicts.csv#pooled_diff@skill=Jenkins,company_a=google,company_b=nvidia",-0.038,06,"skill_gap:task-06-tables/skill-stratified-verdicts.csv#verdict@skill=Jenkins,company_a=google,company_b=nvidia",mixed,True,True,False,True,refused,identification,mixed -> refused,product,read as a stack signal when scoping integrations and competitive positioning,one job function reversing the sign at equal support,,
skillgap-ansible-google-nvidia,tech_stack,skill_gap,google|nvidia:Ansible,"difference in share of skilled postings, stratified by job function","Nvidia asks for Ansible in a larger share of its skilled postings than Google does, by 0.0397 pooled, holding in 1 of 5 job functions","share of skilled postings within matched job functions; a stack difference, not a capability difference","task-06-tables/skill-stratified-verdicts.csv#pooled_diff@skill=Ansible,company_a=google,company_b=nvidia",-0.0397,06,"skill_gap:task-06-tables/skill-stratified-verdicts.csv#verdict@skill=Ansible,company_a=google,company_b=nvidia",mixed,True,True,False,True,refused,identification,mixed -> refused,product,read as a stack signal when scoping integrations and competitive positioning,one job function reversing the sign at equal support,,
skillgap-numpy-google-nvidia,tech_stack,skill_gap,google|nvidia:NumPy,"difference in share of skilled postings, stratified by job function","Nvidia asks for NumPy in a larger share of its skilled postings than Google does, by 0.0458 pooled, holding in 4 of 5 job functions","share of skilled postings within matched job functions; a stack difference, not a capability difference","task-06-tables/skill-stratified-verdicts.csv#pooled_diff@skill=NumPy,company_a=google,company_b=nvidia",-0.0458,06,"skill_gap:task-06-tables/skill-stratified-verdicts.csv#verdict@skill=NumPy,company_a=google,company_b=nvidia",mixed,True,True,False,True,refused,identification,mixed -> refused,product,read as a stack signal when scoping integrations and competitive positioning,one job function reversing the sign at equal support,,
skillgap-matplotlib-google-nvidia,tech_stack,skill_gap,google|nvidia:Matplotlib,"difference in share of skilled postings, stratified by job function","Nvidia asks for Matplotlib in a larger share of its skilled postings than Google does, by 0.0439 pooled, holding in 2 of 5 job functions","share of skilled postings within matched job functions; a stack difference, not a capability difference","task-06-tables/skill-stratified-verdicts.csv#pooled_diff@skill=Matplotlib,company_a=google,company_b=nvidia",-0.0439,06,"skill_gap:task-06-tables/skill-stratified-verdicts.csv#verdict@skill=Matplotlib,company_a=google,company_b=nvidia",mixed,True,True,False,True,refused,identification,mixed -> refused,product,read as a stack signal when scoping integrations and competitive positioning,one job function reversing the sign at equal support,,
skillgap-splunk-google-nvidia,tech_stack,skill_gap,google|nvidia:Splunk,"difference in share of skilled postings, stratified by job function","Nvidia asks for Splunk in a larger share of its skilled postings than Google does, by 0.0475 pooled, holding in 2 of 5 job functions","share of skilled postings within matched job functions; a stack difference, not a capability difference","task-06-tables/skill-stratified-verdicts.csv#pooled_diff@skill=Splunk,company_a=google,company_b=nvidia",-0.0475,06,"skill_gap:task-06-tables/skill-stratified-verdicts.csv#verdict@skill=Splunk,company_a=google,company_b=nvidia",mixed,True,True,False,True,refused,identification,mixed -> refused,product,read as a stack signal when scoping integrations and competitive positioning,one job function reversing the sign at equal support,,
skillgap-github-google-nvidia,tech_stack,skill_gap,google|nvidia:GitHub,"difference in share of skilled postings, stratified by job function","Nvidia asks for GitHub in a larger share of its skilled postings than Google does, by 0.0502 pooled, holding in 4 of 5 job functions","share of skilled postings within matched job functions; a stack difference, not a capability difference","task-06-tables/skill-stratified-verdicts.csv#pooled_diff@skill=GitHub,company_a=google,company_b=nvidia",-0.0502,06,"skill_gap:task-06-tables/skill-stratified-verdicts.csv#verdict@skill=GitHub,company_a=google,company_b=nvidia",mixed,True,True,False,True,refused,identification,mixed -> refused,product,read as a stack signal when scoping integrations and competitive positioning,one job function reversing the sign at equal support,,
skillgap-scikit-learn-google-nvidia,tech_stack,skill_gap,google|nvidia:scikit-learn,"difference in share of skilled postings, stratified by job function","Nvidia asks for scikit-learn in a larger share of its skilled postings than Google does, by 0.0546 pooled, holding in 5 of 5 job functions","share of skilled postings within matched job functions; a stack difference, not a capability difference","task-06-tables/skill-stratified-verdicts.csv#pooled_diff@skill=scikit-learn,company_a=google,company_b=nvidia",-0.0546,06,"skill_gap:task-06-tables/skill-stratified-verdicts.csv#verdict@skill=scikit-learn,company_a=google,company_b=nvidia",confirmed,True,True,True,True,published,,confirmed -> published,product,read as a stack signal when scoping integrations and competitive positioning,one job function reversing the sign at equal support,,
skillgap-pandas-google-nvidia,tech_stack,skill_gap,google|nvidia:pandas,"difference in share of skilled postings, stratified by job function","Nvidia asks for pandas in a larger share of its skilled postings than Google does, by 0.0709 pooled, holding in 5 of 5 job functions","share of skilled postings within matched job functions; a stack difference, not a capability difference","task-06-tables/skill-stratified-verdicts.csv#pooled_diff@skill=pandas,company_a=google,company_b=nvidia",-0.0709,06,"skill_gap:task-06-tables/skill-stratified-verdicts.csv#verdict@skill=pandas,company_a=google,company_b=nvidia",confirmed,True,True,True,True,published,,confirmed -> published,product,read as a stack signal when scoping integrations and competitive positioning,one job function reversing the sign at equal support,,
skillgap-azure-google-nvidia,tech_stack,skill_gap,google|nvidia:Azure,"difference in share of skilled postings, stratified by job function","Nvidia asks for Azure in a larger share of its skilled postings than Google does, by 0.0748 pooled, holding in 3 of 5 job functions","share of skilled postings within matched job functions; a stack difference, not a capability difference","task-06-tables/skill-stratified-verdicts.csv#pooled_diff@skill=Azure,company_a=google,company_b=nvidia",-0.0748,06,"skill_gap:task-06-tables/skill-stratified-verdicts.csv#verdict@skill=Azure,company_a=google,company_b=nvidia",mixed,True,True,False,True,refused,identification,mixed -> refused,product,read as a stack signal when scoping integrations and competitive positioning,one job function reversing the sign at equal support,,
skillgap-bash-google-nvidia,tech_stack,skill_gap,google|nvidia:Bash,"difference in share of skilled postings, stratified by job function","Nvidia asks for Bash in a larger share of its skilled postings than Google does, by 0.0809 pooled, holding in 3 of 5 job functions","share of skilled postings within matched job functions; a stack difference, not a capability difference","task-06-tables/skill-stratified-verdicts.csv#pooled_diff@skill=Bash,company_a=google,company_b=nvidia",-0.0809,06,"skill_gap:task-06-tables/skill-stratified-verdicts.csv#verdict@skill=Bash,company_a=google,company_b=nvidia",mixed,True,True,False,True,refused,identification,mixed -> refused,product,read as a stack signal when scoping integrations and competitive positioning,one job function reversing the sign at equal support,,
skillgap-git-google-nvidia,tech_stack,skill_gap,google|nvidia:Git,"difference in share of skilled postings, stratified by job function","Nvidia asks for Git in a larger share of its skilled postings than Google does, by 0.1096 pooled, holding in 3 of 5 job functions","share of skilled postings within matched job functions; a stack difference, not a capability difference","task-06-tables/skill-stratified-verdicts.csv#pooled_diff@skill=Git,company_a=google,company_b=nvidia",-0.1096,06,"skill_gap:task-06-tables/skill-stratified-verdicts.csv#verdict@skill=Git,company_a=google,company_b=nvidia",mixed,True,True,False,True,refused,identification,mixed -> refused,product,read as a stack signal when scoping integrations and competitive positioning,one job function reversing the sign at equal support,,
skillgap-kafka-google-nvidia,tech_stack,skill_gap,google|nvidia:Kafka,"difference in share of skilled postings, stratified by job function","Nvidia asks for Kafka in a larger share of its skilled postings than Google does, by 0.1291 pooled, holding in 2 of 5 job functions","share of skilled postings within matched job functions; a stack difference, not a capability difference","task-06-tables/skill-stratified-verdicts.csv#pooled_diff@skill=Kafka,company_a=google,company_b=nvidia",-0.1291,06,"skill_gap:task-06-tables/skill-stratified-verdicts.csv#verdict@skill=Kafka,company_a=google,company_b=nvidia",mixed,True,True,False,True,refused,identification,mixed -> refused,product,read as a stack signal when scoping integrations and competitive positioning,one job function reversing the sign at equal support,,
skillgap-aws-google-nvidia,tech_stack,skill_gap,google|nvidia:AWS,"difference in share of skilled postings, stratified by job function","Nvidia asks for AWS in a larger share of its skilled postings than Google does, by 0.1318 pooled, holding in 4 of 5 job functions","share of skilled postings within matched job functions; a stack difference, not a capability difference","task-06-tables/skill-stratified-verdicts.csv#pooled_diff@skill=AWS,company_a=google,company_b=nvidia",-0.1318,06,"skill_gap:task-06-tables/skill-stratified-verdicts.csv#verdict@skill=AWS,company_a=google,company_b=nvidia",mixed,True,True,False,True,refused,identification,mixed -> refused,product,read as a stack signal when scoping integrations and competitive positioning,one job function reversing the sign at equal support,,
skillgap-docker-google-nvidia,tech_stack,skill_gap,google|nvidia:Docker,"difference in share of skilled postings, stratified by job function","Nvidia asks for Docker in a larger share of its skilled postings than Google does, by 0.1732 pooled, holding in 5 of 5 job functions","share of skilled postings within matched job functions; a stack difference, not a capability difference","task-06-tables/skill-stratified-verdicts.csv#pooled_diff@skill=Docker,company_a=google,company_b=nvidia",-0.1732,06,"skill_gap:task-06-tables/skill-stratified-verdicts.csv#verdict@skill=Docker,company_a=google,company_b=nvidia",confirmed,True,True,True,True,published,,confirmed -> published,product,read as a stack signal when scoping integrations and competitive positioning,one job function reversing the sign at equal support,,
skillgap-pytorch-google-nvidia,tech_stack,skill_gap,google|nvidia:PyTorch,"difference in share of skilled postings, stratified by job function","Nvidia asks for PyTorch in a larger share of its skilled postings than Google does, by 0.1841 pooled, holding in 4 of 5 job functions","share of skilled postings within matched job functions; a stack difference, not a capability difference","task-06-tables/skill-stratified-verdicts.csv#pooled_diff@skill=PyTorch,company_a=google,company_b=nvidia",-0.1841,06,"skill_gap:task-06-tables/skill-stratified-verdicts.csv#verdict@skill=PyTorch,company_a=google,company_b=nvidia",mixed,True,True,False,True,refused,identification,mixed -> refused,product,read as a stack signal when scoping integrations and competitive positioning,one job function reversing the sign at equal support,,
skillgap-linux-google-nvidia,tech_stack,skill_gap,google|nvidia:Linux,"difference in share of skilled postings, stratified by job function","Nvidia asks for Linux in a larger share of its skilled postings than Google does, by 0.2057 pooled, holding in 4 of 5 job functions","share of skilled postings within matched job functions; a stack difference, not a capability difference","task-06-tables/skill-stratified-verdicts.csv#pooled_diff@skill=Linux,company_a=google,company_b=nvidia",-0.2057,06,"skill_gap:task-06-tables/skill-stratified-verdicts.csv#verdict@skill=Linux,company_a=google,company_b=nvidia",mixed,True,True,False,True,refused,identification,mixed -> refused,product,read as a stack signal when scoping integrations and competitive positioning,one job function reversing the sign at equal support,,
skillgap-spark-google-nvidia,tech_stack,skill_gap,google|nvidia:Spark,"difference in share of skilled postings, stratified by job function","Nvidia asks for Spark in a larger share of its skilled postings than Google does, by 0.2279 pooled, holding in 4 of 5 job functions","share of skilled postings within matched job functions; a stack difference, not a capability difference","task-06-tables/skill-stratified-verdicts.csv#pooled_diff@skill=Spark,company_a=google,company_b=nvidia",-0.2279,06,"skill_gap:task-06-tables/skill-stratified-verdicts.csv#verdict@skill=Spark,company_a=google,company_b=nvidia",mixed,True,True,False,True,refused,identification,mixed -> refused,product,read as a stack signal when scoping integrations and competitive positioning,one job function reversing the sign at equal support,,
skillgap-kubernetes-google-nvidia,tech_stack,skill_gap,google|nvidia:Kubernetes,"difference in share of skilled postings, stratified by job function","Nvidia asks for Kubernetes in a larger share of its skilled postings than Google does, by 0.2646 pooled, holding in 4 of 5 job functions","share of skilled postings within matched job functions; a stack difference, not a capability difference","task-06-tables/skill-stratified-verdicts.csv#pooled_diff@skill=Kubernetes,company_a=google,company_b=nvidia",-0.2646,06,"skill_gap:task-06-tables/skill-stratified-verdicts.csv#verdict@skill=Kubernetes,company_a=google,company_b=nvidia",mixed,True,True,False,True,refused,identification,mixed -> refused,product,read as a stack signal when scoping integrations and competitive positioning,one job function reversing the sign at equal support,,
skillgap-r-google-snowflake,tech_stack,skill_gap,google|snowflake:R,"difference in share of skilled postings, stratified by job function","Google asks for R in a larger share of its skilled postings than Snowflake does, by 0.2390 pooled, holding in 4 of 5 job functions","share of skilled postings within matched job functions; a stack difference, not a capability difference","task-06-tables/skill-stratified-verdicts.csv#pooled_diff@skill=R,company_a=google,company_b=snowflake",0.239,06,"skill_gap:task-06-tables/skill-stratified-verdicts.csv#verdict@skill=R,company_a=google,company_b=snowflake",mixed,True,True,False,True,refused,identification,mixed -> refused,product,read as a stack signal when scoping integrations and competitive positioning,one job function reversing the sign at equal support,,
skillgap-looker-google-snowflake,tech_stack,skill_gap,google|snowflake:Looker,"difference in share of skilled postings, stratified by job function","Google asks for Looker in a larger share of its skilled postings than Snowflake does, by 0.1140 pooled, holding in 4 of 5 job functions","share of skilled postings within matched job functions; a stack difference, not a capability difference","task-06-tables/skill-stratified-verdicts.csv#pooled_diff@skill=Looker,company_a=google,company_b=snowflake",0.114,06,"skill_gap:task-06-tables/skill-stratified-verdicts.csv#verdict@skill=Looker,company_a=google,company_b=snowflake",mixed,True,True,False,True,refused,identification,mixed -> refused,product,read as a stack signal when scoping integrations and competitive positioning,one job function reversing the sign at equal support,,
skillgap-python-google-snowflake,tech_stack,skill_gap,google|snowflake:Python,"difference in share of skilled postings, stratified by job function","Google asks for Python in a larger share of its skilled postings than Snowflake does, by 0.0949 pooled, holding in 2 of 5 job functions","share of skilled postings within matched job functions; a stack difference, not a capability difference","task-06-tables/skill-stratified-verdicts.csv#pooled_diff@skill=Python,company_a=google,company_b=snowflake",0.0949,06,"skill_gap:task-06-tables/skill-stratified-verdicts.csv#verdict@skill=Python,company_a=google,company_b=snowflake",mixed,True,True,False,True,refused,identification,mixed -> refused,product,read as a stack signal when scoping integrations and competitive positioning,one job function reversing the sign at equal support,,
skillgap-machine-learning-google-snowflake,tech_stack,skill_gap,google|snowflake:Machine Learning,"difference in share of skilled postings, stratified by job function","Google asks for Machine Learning in a larger share of its skilled postings than Snowflake does, by 0.0777 pooled, holding in 3 of 5 job functions","share of skilled postings within matched job functions; a stack difference, not a capability difference","task-06-tables/skill-stratified-verdicts.csv#pooled_diff@skill=Machine Learning,company_a=google,company_b=snowflake",0.0777,06,"skill_gap:task-06-tables/skill-stratified-verdicts.csv#verdict@skill=Machine Learning,company_a=google,company_b=snowflake",mixed,True,True,False,True,refused,identification,mixed -> refused,product,read as a stack signal when scoping integrations and competitive positioning,one job function reversing the sign at equal support,,
skillgap-tensorflow-google-snowflake,tech_stack,skill_gap,google|snowflake:TensorFlow,"difference in share of skilled postings, stratified by job function","Google asks for TensorFlow in a larger share of its skilled postings than Snowflake does, by 0.0771 pooled, holding in 2 of 5 job functions","share of skilled postings within matched job functions; a stack difference, not a capability difference","task-06-tables/skill-stratified-verdicts.csv#pooled_diff@skill=TensorFlow,company_a=google,company_b=snowflake",0.0771,06,"skill_gap:task-06-tables/skill-stratified-verdicts.csv#verdict@skill=TensorFlow,company_a=google,company_b=snowflake",mixed,True,True,False,True,refused,identification,mixed -> refused,product,read as a stack signal when scoping integrations and competitive positioning,one job function reversing the sign at equal support,,
skillgap-nosql-google-snowflake,tech_stack,skill_gap,google|snowflake:NoSQL,"difference in share of skilled postings, stratified by job function","Google asks for NoSQL in a larger share of its skilled postings than Snowflake does, by 0.0715 pooled, holding in 2 of 5 job functions","share of skilled postings within matched job functions; a stack difference, not a capability difference","task-06-tables/skill-stratified-verdicts.csv#pooled_diff@skill=NoSQL,company_a=google,company_b=snowflake",0.0715,06,"skill_gap:task-06-tables/skill-stratified-verdicts.csv#verdict@skill=NoSQL,company_a=google,company_b=snowflake",mixed,True,True,False,True,refused,identification,mixed -> refused,product,read as a stack signal when scoping integrations and competitive positioning,one job function reversing the sign at equal support,,
skillgap-sas-google-snowflake,tech_stack,skill_gap,google|snowflake:SAS,"difference in share of skilled postings, stratified by job function","Google asks for SAS in a larger share of its skilled postings than Snowflake does, by 0.0581 pooled, holding in 3 of 5 job functions","share of skilled postings within matched job functions; a stack difference, not a capability difference","task-06-tables/skill-stratified-verdicts.csv#pooled_diff@skill=SAS,company_a=google,company_b=snowflake",0.0581,06,"skill_gap:task-06-tables/skill-stratified-verdicts.csv#verdict@skill=SAS,company_a=google,company_b=snowflake",mixed,True,True,False,True,refused,identification,mixed -> refused,product,read as a stack signal when scoping integrations and competitive positioning,one job function reversing the sign at equal support,,
skillgap-bigquery-google-snowflake,tech_stack,skill_gap,google|snowflake:BigQuery,"difference in share of skilled postings, stratified by job function","Google asks for BigQuery in a larger share of its skilled postings than Snowflake does, by 0.0595 pooled, holding in 2 of 5 job functions","share of skilled postings within matched job functions; a stack difference, not a capability difference","task-06-tables/skill-stratified-verdicts.csv#pooled_diff@skill=BigQuery,company_a=google,company_b=snowflake",0.0595,06,"skill_gap:task-06-tables/skill-stratified-verdicts.csv#verdict@skill=BigQuery,company_a=google,company_b=snowflake",mixed,True,True,False,True,refused,identification,mixed -> refused,product,read as a stack signal when scoping integrations and competitive positioning,one job function reversing the sign at equal support,,
skillgap-matlab-google-snowflake,tech_stack,skill_gap,google|snowflake:MATLAB,"difference in share of skilled postings, stratified by job function","Google asks for MATLAB in a larger share of its skilled postings than Snowflake does, by 0.0513 pooled, holding in 4 of 5 job functions","share of skilled postings within matched job functions; a stack difference, not a capability difference","task-06-tables/skill-stratified-verdicts.csv#pooled_diff@skill=MATLAB,company_a=google,company_b=snowflake",0.0513,06,"skill_gap:task-06-tables/skill-stratified-verdicts.csv#verdict@skill=MATLAB,company_a=google,company_b=snowflake",mixed,True,True,False,True,refused,identification,mixed -> refused,product,read as a stack signal when scoping integrations and competitive positioning,one job function reversing the sign at equal support,,
skillgap-linux-google-snowflake,tech_stack,skill_gap,google|snowflake:Linux,"difference in share of skilled postings, stratified by job function","Google asks for Linux in a larger share of its skilled postings than Snowflake does, by 0.0417 pooled, holding in 2 of 5 job functions","share of skilled postings within matched job functions; a stack difference, not a capability difference","task-06-tables/skill-stratified-verdicts.csv#pooled_diff@skill=Linux,company_a=google,company_b=snowflake",0.0417,06,"skill_gap:task-06-tables/skill-stratified-verdicts.csv#verdict@skill=Linux,company_a=google,company_b=snowflake",mixed,True,True,False,True,refused,identification,mixed -> refused,product,read as a stack signal when scoping integrations and competitive positioning,one job function reversing the sign at equal support,,
skillgap-sap-google-snowflake,tech_stack,skill_gap,google|snowflake:SAP,"difference in share of skilled postings, stratified by job function","Google asks for SAP in a larger share of its skilled postings than Snowflake does, by 0.0308 pooled, holding in 3 of 5 job functions","share of skilled postings within matched job functions; a stack difference, not a capability difference","task-06-tables/skill-stratified-verdicts.csv#pooled_diff@skill=SAP,company_a=google,company_b=snowflake",0.0308,06,"skill_gap:task-06-tables/skill-stratified-verdicts.csv#verdict@skill=SAP,company_a=google,company_b=snowflake",mixed,True,True,False,True,refused,identification,mixed -> refused,product,read as a stack signal when scoping integrations and competitive positioning,one job function reversing the sign at equal support,,
skillgap-mongodb-google-snowflake,tech_stack,skill_gap,google|snowflake:MongoDB,"difference in share of skilled postings, stratified by job function","Google asks for MongoDB in a larger share of its skilled postings than Snowflake does, by 0.0293 pooled, holding in 2 of 5 job functions","share of skilled postings within matched job functions; a stack difference, not a capability difference","task-06-tables/skill-stratified-verdicts.csv#pooled_diff@skill=MongoDB,company_a=google,company_b=snowflake",0.0293,06,"skill_gap:task-06-tables/skill-stratified-verdicts.csv#verdict@skill=MongoDB,company_a=google,company_b=snowflake",mixed,True,True,False,True,refused,identification,mixed -> refused,product,read as a stack signal when scoping integrations and competitive positioning,one job function reversing the sign at equal support,,
skillgap-c-sharp-google-snowflake,tech_stack,skill_gap,google|snowflake:C#,"difference in share of skilled postings, stratified by job function","Google asks for C# in a larger share of its skilled postings than Snowflake does, by 0.0217 pooled, holding in 3 of 5 job functions","share of skilled postings within matched job functions; a stack difference, not a capability difference","task-06-tables/skill-stratified-verdicts.csv#pooled_diff@skill=C#,company_a=google,company_b=snowflake",0.0217,06,"skill_gap:task-06-tables/skill-stratified-verdicts.csv#verdict@skill=C#,company_a=google,company_b=snowflake",mixed,True,True,False,True,refused,identification,mixed -> refused,product,read as a stack signal when scoping integrations and competitive positioning,one job function reversing the sign at equal support,,
skillgap-oracle-google-snowflake,tech_stack,skill_gap,google|snowflake:Oracle,"difference in share of skilled postings, stratified by job function","Google asks for Oracle in a larger share of its skilled postings than Snowflake does, by 0.0231 pooled, holding in 3 of 5 job functions","share of skilled postings within matched job functions; a stack difference, not a capability difference","task-06-tables/skill-stratified-verdicts.csv#pooled_diff@skill=Oracle,company_a=google,company_b=snowflake",0.0231,06,"skill_gap:task-06-tables/skill-stratified-verdicts.csv#verdict@skill=Oracle,company_a=google,company_b=snowflake",mixed,True,True,False,True,refused,identification,mixed -> refused,product,read as a stack signal when scoping integrations and competitive positioning,one job function reversing the sign at equal support,,
skillgap-perl-google-snowflake,tech_stack,skill_gap,google|snowflake:Perl,"difference in share of skilled postings, stratified by job function","Google asks for Perl in a larger share of its skilled postings than Snowflake does, by 0.0202 pooled, holding in 1 of 5 job functions","share of skilled postings within matched job functions; a stack difference, not a capability difference","task-06-tables/skill-stratified-verdicts.csv#pooled_diff@skill=Perl,company_a=google,company_b=snowflake",0.0202,06,"skill_gap:task-06-tables/skill-stratified-verdicts.csv#verdict@skill=Perl,company_a=google,company_b=snowflake",mixed,True,True,False,True,refused,identification,mixed -> refused,product,read as a stack signal when scoping integrations and competitive positioning,one job function reversing the sign at equal support,,
skillgap-terraform-google-snowflake,tech_stack,skill_gap,google|snowflake:Terraform,"difference in share of skilled postings, stratified by job function","Snowflake asks for Terraform in a larger share of its skilled postings than Google does, by 0.0256 pooled, holding in 1 of 5 job functions","share of skilled postings within matched job functions; a stack difference, not a capability difference","task-06-tables/skill-stratified-verdicts.csv#pooled_diff@skill=Terraform,company_a=google,company_b=snowflake",-0.0256,06,"skill_gap:task-06-tables/skill-stratified-verdicts.csv#verdict@skill=Terraform,company_a=google,company_b=snowflake",mixed,True,True,False,True,refused,identification,mixed -> refused,product,read as a stack signal when scoping integrations and competitive positioning,one job function reversing the sign at equal support,,
skillgap-jira-google-snowflake,tech_stack,skill_gap,google|snowflake:Jira,"difference in share of skilled postings, stratified by job function","Snowflake asks for Jira in a larger share of its skilled postings than Google does, by 0.0288 pooled, holding in 1 of 5 job functions","share of skilled postings within matched job functions; a stack difference, not a capability difference","task-06-tables/skill-stratified-verdicts.csv#pooled_diff@skill=Jira,company_a=google,company_b=snowflake",-0.0288,06,"skill_gap:task-06-tables/skill-stratified-verdicts.csv#verdict@skill=Jira,company_a=google,company_b=snowflake",mixed,True,True,False,True,refused,identification,mixed -> refused,product,read as a stack signal when scoping integrations and competitive positioning,one job function reversing the sign at equal support,,
skillgap-jenkins-google-snowflake,tech_stack,skill_gap,google|snowflake:Jenkins,"difference in share of skilled postings, stratified by job function","Snowflake asks for Jenkins in a larger share of its skilled postings than Google does, by 0.0296 pooled, holding in 1 of 5 job functions","share of skilled postings within matched job functions; a stack difference, not a capability difference","task-06-tables/skill-stratified-verdicts.csv#pooled_diff@skill=Jenkins,company_a=google,company_b=snowflake",-0.0296,06,"skill_gap:task-06-tables/skill-stratified-verdicts.csv#verdict@skill=Jenkins,company_a=google,company_b=snowflake",mixed,True,True,False,True,refused,identification,mixed -> refused,product,read as a stack signal when scoping integrations and competitive positioning,one job function reversing the sign at equal support,,
skillgap-cassandra-google-snowflake,tech_stack,skill_gap,google|snowflake:Cassandra,"difference in share of skilled postings, stratified by job function","Snowflake asks for Cassandra in a larger share of its skilled postings than Google does, by 0.0298 pooled, holding in 1 of 5 job functions","share of skilled postings within matched job functions; a stack difference, not a capability difference","task-06-tables/skill-stratified-verdicts.csv#pooled_diff@skill=Cassandra,company_a=google,company_b=snowflake",-0.0298,06,"skill_gap:task-06-tables/skill-stratified-verdicts.csv#verdict@skill=Cassandra,company_a=google,company_b=snowflake",mixed,True,True,False,True,refused,identification,mixed -> refused,product,read as a stack signal when scoping integrations and competitive positioning,one job function reversing the sign at equal support,,
skillgap-git-google-snowflake,tech_stack,skill_gap,google|snowflake:Git,"difference in share of skilled postings, stratified by job function","Snowflake asks for Git in a larger share of its skilled postings than Google does, by 0.0354 pooled, holding in 2 of 5 job functions","share of skilled postings within matched job functions; a stack difference, not a capability difference","task-06-tables/skill-stratified-verdicts.csv#pooled_diff@skill=Git,company_a=google,company_b=snowflake",-0.0354,06,"skill_gap:task-06-tables/skill-stratified-verdicts.csv#verdict@skill=Git,company_a=google,company_b=snowflake",mixed,True,True,False,True,refused,identification,mixed -> refused,product,read as a stack signal when scoping integrations and competitive positioning,one job function reversing the sign at equal support,,
skillgap-node-dot-js-google-snowflake,tech_stack,skill_gap,google|snowflake:Node.js,"difference in share of skilled postings, stratified by job function","Snowflake asks for Node.js in a larger share of its skilled postings than Google does, by 0.0420 pooled, holding in 1 of 5 job functions","share of skilled postings within matched job functions; a stack difference, not a capability difference","task-06-tables/skill-stratified-verdicts.csv#pooled_diff@skill=Node.js,company_a=google,company_b=snowflake",-0.042,06,"skill_gap:task-06-tables/skill-stratified-verdicts.csv#verdict@skill=Node.js,company_a=google,company_b=snowflake",mixed,True,True,False,True,refused,identification,mixed -> refused,product,read as a stack signal when scoping integrations and competitive positioning,one job function reversing the sign at equal support,,
skillgap-redshift-google-snowflake,tech_stack,skill_gap,google|snowflake:Redshift,"difference in share of skilled postings, stratified by job function","Snowflake asks for Redshift in a larger share of its skilled postings than Google does, by 0.0413 pooled, holding in 3 of 5 job functions","share of skilled postings within matched job functions; a stack difference, not a capability difference","task-06-tables/skill-stratified-verdicts.csv#pooled_diff@skill=Redshift,company_a=google,company_b=snowflake",-0.0413,06,"skill_gap:task-06-tables/skill-stratified-verdicts.csv#verdict@skill=Redshift,company_a=google,company_b=snowflake",mixed,True,True,False,True,refused,identification,mixed -> refused,product,read as a stack signal when scoping integrations and competitive positioning,one job function reversing the sign at equal support,,
skillgap-numpy-google-snowflake,tech_stack,skill_gap,google|snowflake:NumPy,"difference in share of skilled postings, stratified by job function","Snowflake asks for NumPy in a larger share of its skilled postings than Google does, by 0.0485 pooled, holding in 4 of 5 job functions","share of skilled postings within matched job functions; a stack difference, not a capability difference","task-06-tables/skill-stratified-verdicts.csv#pooled_diff@skill=NumPy,company_a=google,company_b=snowflake",-0.0485,06,"skill_gap:task-06-tables/skill-stratified-verdicts.csv#verdict@skill=NumPy,company_a=google,company_b=snowflake",mixed,True,True,False,True,refused,identification,mixed -> refused,product,read as a stack signal when scoping integrations and competitive positioning,one job function reversing the sign at equal support,,
skillgap-vmware-google-snowflake,tech_stack,skill_gap,google|snowflake:VMware,"difference in share of skilled postings, stratified by job function","Snowflake asks for VMware in a larger share of its skilled postings than Google does, by 0.0536 pooled, holding in 1 of 5 job functions","share of skilled postings within matched job functions; a stack difference, not a capability difference","task-06-tables/skill-stratified-verdicts.csv#pooled_diff@skill=VMware,company_a=google,company_b=snowflake",-0.0536,06,"skill_gap:task-06-tables/skill-stratified-verdicts.csv#verdict@skill=VMware,company_a=google,company_b=snowflake",mixed,True,True,False,True,refused,identification,mixed -> refused,product,read as a stack signal when scoping integrations and competitive positioning,one job function reversing the sign at equal support,,
skillgap-react-google-snowflake,tech_stack,skill_gap,google|snowflake:React,"difference in share of skilled postings, stratified by job function","Snowflake asks for React in a larger share of its skilled postings than Google does, by 0.0566 pooled, holding in 1 of 5 job functions","share of skilled postings within matched job functions; a stack difference, not a capability difference","task-06-tables/skill-stratified-verdicts.csv#pooled_diff@skill=React,company_a=google,company_b=snowflake",-0.0566,06,"skill_gap:task-06-tables/skill-stratified-verdicts.csv#verdict@skill=React,company_a=google,company_b=snowflake",mixed,True,True,False,True,refused,identification,mixed -> refused,product,read as a stack signal when scoping integrations and competitive positioning,one job function reversing the sign at equal support,,
skillgap-kafka-google-snowflake,tech_stack,skill_gap,google|snowflake:Kafka,"difference in share of skilled postings, stratified by job function","Snowflake asks for Kafka in a larger share of its skilled postings than Google does, by 0.0640 pooled, holding in 2 of 5 job functions","share of skilled postings within matched job functions; a stack difference, not a capability difference","task-06-tables/skill-stratified-verdicts.csv#pooled_diff@skill=Kafka,company_a=google,company_b=snowflake",-0.064,06,"skill_gap:task-06-tables/skill-stratified-verdicts.csv#verdict@skill=Kafka,company_a=google,company_b=snowflake",mixed,True,True,False,True,refused,identification,mixed -> refused,product,read as a stack signal when scoping integrations and competitive positioning,one job function reversing the sign at equal support,,
skillgap-kubernetes-google-snowflake,tech_stack,skill_gap,google|snowflake:Kubernetes,"difference in share of skilled postings, stratified by job function","Snowflake asks for Kubernetes in a larger share of its skilled postings than Google does, by 0.0879 pooled, holding in 2 of 5 job functions","share of skilled postings within matched job functions; a stack difference, not a capability difference","task-06-tables/skill-stratified-verdicts.csv#pooled_diff@skill=Kubernetes,company_a=google,company_b=snowflake",-0.0879,06,"skill_gap:task-06-tables/skill-stratified-verdicts.csv#verdict@skill=Kubernetes,company_a=google,company_b=snowflake",mixed,True,True,False,True,refused,identification,mixed -> refused,product,read as a stack signal when scoping integrations and competitive positioning,one job function reversing the sign at equal support,,
skillgap-pandas-google-snowflake,tech_stack,skill_gap,google|snowflake:pandas,"difference in share of skilled postings, stratified by job function","Snowflake asks for pandas in a larger share of its skilled postings than Google does, by 0.0916 pooled, holding in 5 of 5 job functions","share of skilled postings within matched job functions; a stack difference, not a capability difference","task-06-tables/skill-stratified-verdicts.csv#pooled_diff@skill=pandas,company_a=google,company_b=snowflake",-0.0916,06,"skill_gap:task-06-tables/skill-stratified-verdicts.csv#verdict@skill=pandas,company_a=google,company_b=snowflake",confirmed,True,True,True,True,published,,confirmed -> published,product,read as a stack signal when scoping integrations and competitive positioning,one job function reversing the sign at equal support,,
skillgap-typescript-google-snowflake,tech_stack,skill_gap,google|snowflake:TypeScript,"difference in share of skilled postings, stratified by job function","Snowflake asks for TypeScript in a larger share of its skilled postings than Google does, by 0.0908 pooled, holding in 1 of 5 job functions","share of skilled postings within matched job functions; a stack difference, not a capability difference","task-06-tables/skill-stratified-verdicts.csv#pooled_diff@skill=TypeScript,company_a=google,company_b=snowflake",-0.0908,06,"skill_gap:task-06-tables/skill-stratified-verdicts.csv#verdict@skill=TypeScript,company_a=google,company_b=snowflake",mixed,True,True,False,True,refused,identification,mixed -> refused,product,read as a stack signal when scoping integrations and competitive positioning,one job function reversing the sign at equal support,,
skillgap-docker-google-snowflake,tech_stack,skill_gap,google|snowflake:Docker,"difference in share of skilled postings, stratified by job function","Snowflake asks for Docker in a larger share of its skilled postings than Google does, by 0.0952 pooled, holding in 3 of 5 job functions","share of skilled postings within matched job functions; a stack difference, not a capability difference","task-06-tables/skill-stratified-verdicts.csv#pooled_diff@skill=Docker,company_a=google,company_b=snowflake",-0.0952,06,"skill_gap:task-06-tables/skill-stratified-verdicts.csv#verdict@skill=Docker,company_a=google,company_b=snowflake",mixed,True,True,False,True,refused,identification,mixed -> refused,product,read as a stack signal when scoping integrations and competitive positioning,one job function reversing the sign at equal support,,
skillgap-scikit-learn-google-snowflake,tech_stack,skill_gap,google|snowflake:scikit-learn,"difference in share of skilled postings, stratified by job function","Snowflake asks for scikit-learn in a larger share of its skilled postings than Google does, by 0.0994 pooled, holding in 3 of 5 job functions","share of skilled postings within matched job functions; a stack difference, not a capability difference","task-06-tables/skill-stratified-verdicts.csv#pooled_diff@skill=scikit-learn,company_a=google,company_b=snowflake",-0.0994,06,"skill_gap:task-06-tables/skill-stratified-verdicts.csv#verdict@skill=scikit-learn,company_a=google,company_b=snowflake",mixed,True,True,False,True,refused,identification,mixed -> refused,product,read as a stack signal when scoping integrations and competitive positioning,one job function reversing the sign at equal support,,
skillgap-airflow-google-snowflake,tech_stack,skill_gap,google|snowflake:Airflow,"difference in share of skilled postings, stratified by job function","Snowflake asks for Airflow in a larger share of its skilled postings than Google does, by 0.1051 pooled, holding in 4 of 5 job functions","share of skilled postings within matched job functions; a stack difference, not a capability difference","task-06-tables/skill-stratified-verdicts.csv#pooled_diff@skill=Airflow,company_a=google,company_b=snowflake",-0.1051,06,"skill_gap:task-06-tables/skill-stratified-verdicts.csv#verdict@skill=Airflow,company_a=google,company_b=snowflake",mixed,True,True,False,True,refused,identification,mixed -> refused,product,read as a stack signal when scoping integrations and competitive positioning,one job function reversing the sign at equal support,,
skillgap-windows-google-snowflake,tech_stack,skill_gap,google|snowflake:Windows,"difference in share of skilled postings, stratified by job function","Snowflake asks for Windows in a larger share of its skilled postings than Google does, by 0.1176 pooled, holding in 2 of 5 job functions","share of skilled postings within matched job functions; a stack difference, not a capability difference","task-06-tables/skill-stratified-verdicts.csv#pooled_diff@skill=Windows,company_a=google,company_b=snowflake",-0.1176,06,"skill_gap:task-06-tables/skill-stratified-verdicts.csv#verdict@skill=Windows,company_a=google,company_b=snowflake",mixed,True,True,False,True,refused,identification,mixed -> refused,product,read as a stack signal when scoping integrations and competitive positioning,one job function reversing the sign at equal support,,
skillgap-gcp-google-snowflake,tech_stack,skill_gap,google|snowflake:GCP,"difference in share of skilled postings, stratified by job function","Snowflake asks for GCP in a larger share of its skilled postings than Google does, by 0.1338 pooled, holding in 4 of 5 job functions","share of skilled postings within matched job functions; a stack difference, not a capability difference","task-06-tables/skill-stratified-verdicts.csv#pooled_diff@skill=GCP,company_a=google,company_b=snowflake",-0.1338,06,"skill_gap:task-06-tables/skill-stratified-verdicts.csv#verdict@skill=GCP,company_a=google,company_b=snowflake",mixed,True,True,False,True,refused,identification,mixed -> refused,product,read as a stack signal when scoping integrations and competitive positioning,one job function reversing the sign at equal support,,
skillgap-spark-google-snowflake,tech_stack,skill_gap,google|snowflake:Spark,"difference in share of skilled postings, stratified by job function","Snowflake asks for Spark in a larger share of its skilled postings than Google does, by 0.1420 pooled, holding in 4 of 5 job functions","share of skilled postings within matched job functions; a stack difference, not a capability difference","task-06-tables/skill-stratified-verdicts.csv#pooled_diff@skill=Spark,company_a=google,company_b=snowflake",-0.142,06,"skill_gap:task-06-tables/skill-stratified-verdicts.csv#verdict@skill=Spark,company_a=google,company_b=snowflake",mixed,True,True,False,True,refused,identification,mixed -> refused,product,read as a stack signal when scoping integrations and competitive positioning,one job function reversing the sign at equal support,,
skillgap-sql-google-snowflake,tech_stack,skill_gap,google|snowflake:SQL,"difference in share of skilled postings, stratified by job function","Snowflake asks for SQL in a larger share of its skilled postings than Google does, by 0.1965 pooled, holding in 5 of 5 job functions","share of skilled postings within matched job functions; a stack difference, not a capability difference","task-06-tables/skill-stratified-verdicts.csv#pooled_diff@skill=SQL,company_a=google,company_b=snowflake",-0.1965,06,"skill_gap:task-06-tables/skill-stratified-verdicts.csv#verdict@skill=SQL,company_a=google,company_b=snowflake",confirmed,True,True,True,True,published,,confirmed -> published,product,read as a stack signal when scoping integrations and competitive positioning,one job function reversing the sign at equal support,,
skillgap-java-google-snowflake,tech_stack,skill_gap,google|snowflake:Java,"difference in share of skilled postings, stratified by job function","Snowflake asks for Java in a larger share of its skilled postings than Google does, by 0.2390 pooled, holding in 2 of 5 job functions","share of skilled postings within matched job functions; a stack difference, not a capability difference","task-06-tables/skill-stratified-verdicts.csv#pooled_diff@skill=Java,company_a=google,company_b=snowflake",-0.239,06,"skill_gap:task-06-tables/skill-stratified-verdicts.csv#verdict@skill=Java,company_a=google,company_b=snowflake",mixed,True,True,False,True,refused,identification,mixed -> refused,product,read as a stack signal when scoping integrations and competitive positioning,one job function reversing the sign at equal support,,
skillgap-azure-google-snowflake,tech_stack,skill_gap,google|snowflake:Azure,"difference in share of skilled postings, stratified by job function","Snowflake asks for Azure in a larger share of its skilled postings than Google does, by 0.2923 pooled, holding in 5 of 5 job functions","share of skilled postings within matched job functions; a stack difference, not a capability difference","task-06-tables/skill-stratified-verdicts.csv#pooled_diff@skill=Azure,company_a=google,company_b=snowflake",-0.2923,06,"skill_gap:task-06-tables/skill-stratified-verdicts.csv#verdict@skill=Azure,company_a=google,company_b=snowflake",confirmed,True,True,True,True,published,,confirmed -> published,product,read as a stack signal when scoping integrations and competitive positioning,one job function reversing the sign at equal support,,
skillgap-aws-google-snowflake,tech_stack,skill_gap,google|snowflake:AWS,"difference in share of skilled postings, stratified by job function","Snowflake asks for AWS in a larger share of its skilled postings than Google does, by 0.2968 pooled, holding in 5 of 5 job functions","share of skilled postings within matched job functions; a stack difference, not a capability difference","task-06-tables/skill-stratified-verdicts.csv#pooled_diff@skill=AWS,company_a=google,company_b=snowflake",-0.2968,06,"skill_gap:task-06-tables/skill-stratified-verdicts.csv#verdict@skill=AWS,company_a=google,company_b=snowflake",confirmed,True,True,True,True,published,,confirmed -> published,product,read as a stack signal when scoping integrations and competitive positioning,one job function reversing the sign at equal support,,
skillgap-excel-google-snowflake,tech_stack,skill_gap,google|snowflake:Excel,"difference in share of skilled postings, stratified by job function","Snowflake asks for Excel in a larger share of its skilled postings than Google does, by 0.3270 pooled, holding in 5 of 5 job functions","share of skilled postings within matched job functions; a stack difference, not a capability difference","task-06-tables/skill-stratified-verdicts.csv#pooled_diff@skill=Excel,company_a=google,company_b=snowflake",-0.327,06,"skill_gap:task-06-tables/skill-stratified-verdicts.csv#verdict@skill=Excel,company_a=google,company_b=snowflake",confirmed,True,True,True,True,published,,confirmed -> published,product,read as a stack signal when scoping integrations and competitive positioning,one job function reversing the sign at equal support,,
distinct-swift,tech_stack,distinctiveness,google:Swift,share of skilled postings against the other five companies pooled,"Google asks for Swift in 0.5% of its skilled postings against 0.0% across the other five, a difference of 0.0051",Benjamini-Hochberg controlled across the whole skill vocabulary,task-06-tables/skill-distinctiveness-google.csv#diff@skill=Swift,0.0051,06,distinctiveness:task-06-tables/skill-distinctiveness-google.csv#significant@skill=Swift,False,True,True,False,True,refused,identification,False -> refused,product,treat as a stack marker when reading this company's job ads competitively,the interval on the difference covering zero once the other five are re-weighted to this company's role mix,,
distinct-flutter,tech_stack,distinctiveness,google:Flutter,share of skilled postings against the other five companies pooled,"Google asks for Flutter in 0.2% of its skilled postings against 0.0% across the other five, a difference of 0.0017","Benjamini-Hochberg controlled across the whole skill vocabulary; this is the company's own product, so the mention is self-referential",task-06-tables/skill-distinctiveness-google.csv#diff@skill=Flutter,0.0017,06,distinctiveness:task-06-tables/skill-distinctiveness-google.csv#significant@skill=Flutter,False,True,True,False,True,refused,identification,False -> refused,product,treat as a stack marker when reading this company's job ads competitively,the interval on the difference covering zero once the other five are re-weighted to this company's role mix,,self-referential
distinct-dart,tech_stack,distinctiveness,google:Dart,share of skilled postings against the other five companies pooled,"Google asks for Dart in 0.2% of its skilled postings against 0.0% across the other five, a difference of 0.0017","Benjamini-Hochberg controlled across the whole skill vocabulary; this is the company's own product, so the mention is self-referential",task-06-tables/skill-distinctiveness-google.csv#diff@skill=Dart,0.0017,06,distinctiveness:task-06-tables/skill-distinctiveness-google.csv#significant@skill=Dart,False,True,True,False,True,refused,identification,False -> refused,product,treat as a stack marker when reading this company's job ads competitively,the interval on the difference covering zero once the other five are re-weighted to this company's role mix,,self-referential
distinct-cognos,tech_stack,distinctiveness,google:Cognos,share of skilled postings against the other five companies pooled,"Google asks for Cognos in 0.7% of its skilled postings against 0.0% across the other five, a difference of 0.0064",Benjamini-Hochberg controlled across the whole skill vocabulary,task-06-tables/skill-distinctiveness-google.csv#diff@skill=Cognos,0.0064,06,distinctiveness:task-06-tables/skill-distinctiveness-google.csv#significant@skill=Cognos,False,True,True,False,True,refused,identification,False -> refused,product,treat as a stack marker when reading this company's job ads competitively,the interval on the difference covering zero once the other five are re-weighted to this company's role mix,,
distinct-firebase,tech_stack,distinctiveness,google:Firebase,share of skilled postings against the other five companies pooled,"Google asks for Firebase in 0.2% of its skilled postings against 0.0% across the other five, a difference of 0.0017","Benjamini-Hochberg controlled across the whole skill vocabulary; this is the company's own product, so the mention is self-referential",task-06-tables/skill-distinctiveness-google.csv#diff@skill=Firebase,0.0017,06,distinctiveness:task-06-tables/skill-distinctiveness-google.csv#significant@skill=Firebase,False,True,True,False,True,refused,identification,False -> refused,product,treat as a stack marker when reading this company's job ads competitively,the interval on the difference covering zero once the other five are re-weighted to this company's role mix,,self-referential
distinct-macos,tech_stack,distinctiveness,google:macOS,share of skilled postings against the other five companies pooled,"Google asks for macOS in 0.7% of its skilled postings against 0.0% across the other five, a difference of 0.0064",Benjamini-Hochberg controlled across the whole skill vocabulary,task-06-tables/skill-distinctiveness-google.csv#diff@skill=macOS,0.0064,06,distinctiveness:task-06-tables/skill-distinctiveness-google.csv#significant@skill=macOS,False,True,True,False,True,refused,identification,False -> refused,product,treat as a stack marker when reading this company's job ads competitively,the interval on the difference covering zero once the other five are re-weighted to this company's role mix,,
distinct-microsoft-access,tech_stack,distinctiveness,google:Microsoft Access,share of skilled postings against the other five companies pooled,"Google asks for Microsoft Access in 0.2% of its skilled postings against 0.0% across the other five, a difference of 0.0017",Benjamini-Hochberg controlled across the whole skill vocabulary,task-06-tables/skill-distinctiveness-google.csv#diff@skill=Microsoft Access,0.0017,06,distinctiveness:task-06-tables/skill-distinctiveness-google.csv#significant@skill=Microsoft Access,False,True,True,False,True,refused,identification,False -> refused,product,treat as a stack marker when reading this company's job ads competitively,the interval on the difference covering zero once the other five are re-weighted to this company's role mix,,
distinct-mxnet,tech_stack,distinctiveness,google:MXNet,share of skilled postings against the other five companies pooled,"Google asks for MXNet in 0.5% of its skilled postings against 0.0% across the other five, a difference of 0.0047",Benjamini-Hochberg controlled across the whole skill vocabulary,task-06-tables/skill-distinctiveness-google.csv#diff@skill=MXNet,0.0047,06,distinctiveness:task-06-tables/skill-distinctiveness-google.csv#significant@skill=MXNet,False,True,True,False,True,refused,identification,False -> refused,product,treat as a stack marker when reading this company's job ads competitively,the interval on the difference covering zero once the other five are re-weighted to this company's role mix,,
distinct-bigquery,tech_stack,distinctiveness,google:BigQuery,share of skilled postings against the other five companies pooled,"Google asks for BigQuery in 10.5% of its skilled postings against 1.4% across the other five, a difference of 0.0908","Benjamini-Hochberg controlled across the whole skill vocabulary; this is the company's own product, so the mention is self-referential",task-06-tables/skill-distinctiveness-google.csv#diff@skill=BigQuery,0.0908,06,distinctiveness:task-06-tables/skill-distinctiveness-google.csv#significant@skill=BigQuery,True,True,True,True,True,published,,True -> published,product,treat as a stack marker when reading this company's job ads competitively,the interval on the difference covering zero once the other five are re-weighted to this company's role mix,,self-referential
distinct-rust,tech_stack,distinctiveness,google:Rust,share of skilled postings against the other five companies pooled,"Google asks for Rust in 0.7% of its skilled postings against 0.1% across the other five, a difference of 0.0059",Benjamini-Hochberg controlled across the whole skill vocabulary,task-06-tables/skill-distinctiveness-google.csv#diff@skill=Rust,0.0059,06,distinctiveness:task-06-tables/skill-distinctiveness-google.csv#significant@skill=Rust,False,True,True,False,True,refused,identification,False -> refused,product,treat as a stack marker when reading this company's job ads competitively,the interval on the difference covering zero once the other five are re-weighted to this company's role mix,,
distinct-objective-c,tech_stack,distinctiveness,google:Objective-C,share of skilled postings against the other five companies pooled,"Google asks for Objective-C in 0.7% of its skilled postings against 0.1% across the other five, a difference of 0.0059",Benjamini-Hochberg controlled across the whole skill vocabulary,task-06-tables/skill-distinctiveness-google.csv#diff@skill=Objective-C,0.0059,06,distinctiveness:task-06-tables/skill-distinctiveness-google.csv#significant@skill=Objective-C,False,True,True,False,True,refused,identification,False -> refused,product,treat as a stack marker when reading this company's job ads competitively,the interval on the difference covering zero once the other five are re-weighted to this company's role mix,,
distinct-plotly,tech_stack,distinctiveness,google:Plotly,share of skilled postings against the other five companies pooled,"Google asks for Plotly in 0.9% of its skilled postings against 0.1% across the other five, a difference of 0.0072",Benjamini-Hochberg controlled across the whole skill vocabulary,task-06-tables/skill-distinctiveness-google.csv#diff@skill=Plotly,0.0072,06,distinctiveness:task-06-tables/skill-distinctiveness-google.csv#significant@skill=Plotly,False,True,True,False,True,refused,identification,False -> refused,product,treat as a stack marker when reading this company's job ads competitively,the interval on the difference covering zero once the other five are re-weighted to this company's role mix,,
distinct-looker,tech_stack,distinctiveness,google:Looker,share of skilled postings against the other five companies pooled,"Google asks for Looker in 11.9% of its skilled postings against 2.0% across the other five, a difference of 0.0984","Benjamini-Hochberg controlled across the whole skill vocabulary; this is the company's own product, so the mention is self-referential",task-06-tables/skill-distinctiveness-google.csv#diff@skill=Looker,0.0984,06,distinctiveness:task-06-tables/skill-distinctiveness-google.csv#significant@skill=Looker,True,True,True,True,True,published,,True -> published,product,treat as a stack marker when reading this company's job ads competitively,the interval on the difference covering zero once the other five are re-weighted to this company's role mix,,self-referential
distinct-assembly,tech_stack,distinctiveness,google:Assembly,share of skilled postings against the other five companies pooled,"Google asks for Assembly in 0.5% of its skilled postings against 0.1% across the other five, a difference of 0.0042",Benjamini-Hochberg controlled across the whole skill vocabulary,task-06-tables/skill-distinctiveness-google.csv#diff@skill=Assembly,0.0042,06,distinctiveness:task-06-tables/skill-distinctiveness-google.csv#significant@skill=Assembly,False,True,True,False,True,refused,identification,False -> refused,product,treat as a stack marker when reading this company's job ads competitively,the interval on the difference covering zero once the other five are re-weighted to this company's role mix,,
distinct-kotlin,tech_stack,distinctiveness,google:Kotlin,share of skilled postings against the other five companies pooled,"Google asks for Kotlin in 0.5% of its skilled postings against 0.1% across the other five, a difference of 0.0042",Benjamini-Hochberg controlled across the whole skill vocabulary,task-06-tables/skill-distinctiveness-google.csv#diff@skill=Kotlin,0.0042,06,distinctiveness:task-06-tables/skill-distinctiveness-google.csv#significant@skill=Kotlin,False,True,True,False,True,refused,identification,False -> refused,product,treat as a stack marker when reading this company's job ads competitively,the interval on the difference covering zero once the other five are re-weighted to this company's role mix,,
distinct-colocation,tech_stack,distinctiveness,google:Colocation,share of skilled postings against the other five companies pooled,"Google asks for Colocation in 0.7% of its skilled postings against 0.1% across the other five, a difference of 0.0055",Benjamini-Hochberg controlled across the whole skill vocabulary,task-06-tables/skill-distinctiveness-google.csv#diff@skill=Colocation,0.0055,06,distinctiveness:task-06-tables/skill-distinctiveness-google.csv#significant@skill=Colocation,False,True,True,False,True,refused,identification,False -> refused,product,treat as a stack marker when reading this company's job ads competitively,the interval on the difference covering zero once the other five are re-weighted to this company's role mix,,
distinct-nosql,tech_stack,distinctiveness,google:NoSQL,share of skilled postings against the other five companies pooled,"Google asks for NoSQL in 8.0% of its skilled postings against 2.0% across the other five, a difference of 0.0594",Benjamini-Hochberg controlled across the whole skill vocabulary,task-06-tables/skill-distinctiveness-google.csv#diff@skill=NoSQL,0.0594,06,distinctiveness:task-06-tables/skill-distinctiveness-google.csv#significant@skill=NoSQL,True,True,True,True,True,published,,True -> published,product,treat as a stack marker when reading this company's job ads competitively,the interval on the difference covering zero once the other five are re-weighted to this company's role mix,,
distinct-shell,tech_stack,distinctiveness,google:Shell,share of skilled postings against the other five companies pooled,"Google asks for Shell in 2.4% of its skilled postings against 0.8% across the other five, a difference of 0.0153",Benjamini-Hochberg controlled across the whole skill vocabulary,task-06-tables/skill-distinctiveness-google.csv#diff@skill=Shell,0.0153,06,distinctiveness:task-06-tables/skill-distinctiveness-google.csv#significant@skill=Shell,True,True,True,True,True,published,,True -> published,product,treat as a stack marker when reading this company's job ads competitively,the interval on the difference covering zero once the other five are re-weighted to this company's role mix,,
distinct-mongodb,tech_stack,distinctiveness,google:MongoDB,share of skilled postings against the other five companies pooled,"Google asks for MongoDB in 3.6% of its skilled postings against 1.4% across the other five, a difference of 0.0221",Benjamini-Hochberg controlled across the whole skill vocabulary,task-06-tables/skill-distinctiveness-google.csv#diff@skill=MongoDB,0.0221,06,distinctiveness:task-06-tables/skill-distinctiveness-google.csv#significant@skill=MongoDB,True,True,True,True,True,published,,True -> published,product,treat as a stack marker when reading this company's job ads competitively,the interval on the difference covering zero once the other five are re-weighted to this company's role mix,,
distinct-javascript,tech_stack,distinctiveness,google:JavaScript,share of skilled postings against the other five companies pooled,"Google asks for JavaScript in 12.4% of its skilled postings against 4.7% across the other five, a difference of 0.0765",Benjamini-Hochberg controlled across the whole skill vocabulary,task-06-tables/skill-distinctiveness-google.csv#diff@skill=JavaScript,0.0765,06,distinctiveness:task-06-tables/skill-distinctiveness-google.csv#significant@skill=JavaScript,True,True,True,True,True,published,,True -> published,product,treat as a stack marker when reading this company's job ads competitively,the interval on the difference covering zero once the other five are re-weighted to this company's role mix,,
distinct-sap,tech_stack,distinctiveness,google:SAP,share of skilled postings against the other five companies pooled,"Google asks for SAP in 3.2% of its skilled postings against 1.3% across the other five, a difference of 0.0191",Benjamini-Hochberg controlled across the whole skill vocabulary,task-06-tables/skill-distinctiveness-google.csv#diff@skill=SAP,0.0191,06,distinctiveness:task-06-tables/skill-distinctiveness-google.csv#significant@skill=SAP,True,True,True,True,True,published,,True -> published,product,treat as a stack marker when reading this company's job ads competitively,the interval on the difference covering zero once the other five are re-weighted to this company's role mix,,
distinct-express,tech_stack,distinctiveness,google:Express,share of skilled postings against the other five companies pooled,"Google asks for Express in 2.5% of its skilled postings against 1.1% across the other five, a difference of 0.0149",Benjamini-Hochberg controlled across the whole skill vocabulary,task-06-tables/skill-distinctiveness-google.csv#diff@skill=Express,0.0149,06,distinctiveness:task-06-tables/skill-distinctiveness-google.csv#significant@skill=Express,True,True,True,True,True,published,,True -> published,product,treat as a stack marker when reading this company's job ads competitively,the interval on the difference covering zero once the other five are re-weighted to this company's role mix,,
distinct-microstrategy,tech_stack,distinctiveness,google:MicroStrategy,share of skilled postings against the other five companies pooled,"Google asks for MicroStrategy in 0.7% of its skilled postings against 0.3% across the other five, a difference of 0.0038",Benjamini-Hochberg controlled across the whole skill vocabulary,task-06-tables/skill-distinctiveness-google.csv#diff@skill=MicroStrategy,0.0038,06,distinctiveness:task-06-tables/skill-distinctiveness-google.csv#significant@skill=MicroStrategy,False,True,True,False,True,refused,identification,False -> refused,product,treat as a stack marker when reading this company's job ads competitively,the interval on the difference covering zero once the other five are re-weighted to this company's role mix,,
distinct-oracle,tech_stack,distinctiveness,google:Oracle,share of skilled postings against the other five companies pooled,"Google asks for Oracle in 3.4% of its skilled postings against 1.4% across the other five, a difference of 0.0196",Benjamini-Hochberg controlled across the whole skill vocabulary,task-06-tables/skill-distinctiveness-google.csv#diff@skill=Oracle,0.0196,06,distinctiveness:task-06-tables/skill-distinctiveness-google.csv#significant@skill=Oracle,True,True,True,True,True,published,,True -> published,product,treat as a stack marker when reading this company's job ads competitively,the interval on the difference covering zero once the other five are re-weighted to this company's role mix,,
distinct-go,tech_stack,distinctiveness,google:Go,share of skilled postings against the other five companies pooled,"Google asks for Go in 15.9% of its skilled postings against 7.5% across the other five, a difference of 0.0843","Benjamini-Hochberg controlled across the whole skill vocabulary; this is the company's own product, so the mention is self-referential",task-06-tables/skill-distinctiveness-google.csv#diff@skill=Go,0.0843,06,distinctiveness:task-06-tables/skill-distinctiveness-google.csv#significant@skill=Go,True,True,True,True,True,published,,True -> published,product,treat as a stack marker when reading this company's job ads competitively,the interval on the difference covering zero once the other five are re-weighted to this company's role mix,,self-referential
distinct-tensorflow,tech_stack,distinctiveness,google:TensorFlow,share of skilled postings against the other five companies pooled,"Google asks for TensorFlow in 12.0% of its skilled postings against 5.9% across the other five, a difference of 0.0609","Benjamini-Hochberg controlled across the whole skill vocabulary; this is the company's own product, so the mention is self-referential",task-06-tables/skill-distinctiveness-google.csv#diff@skill=TensorFlow,0.0609,06,distinctiveness:task-06-tables/skill-distinctiveness-google.csv#significant@skill=TensorFlow,True,True,True,True,True,published,,True -> published,product,treat as a stack marker when reading this company's job ads competitively,the interval on the difference covering zero once the other five are re-weighted to this company's role mix,,self-referential
distinct-ubuntu,tech_stack,distinctiveness,google:Ubuntu,share of skilled postings against the other five companies pooled,"Google asks for Ubuntu in 0.2% of its skilled postings against 0.1% across the other five, a difference of 0.0004",Benjamini-Hochberg controlled across the whole skill vocabulary,task-06-tables/skill-distinctiveness-google.csv#diff@skill=Ubuntu,0.0004,06,distinctiveness:task-06-tables/skill-distinctiveness-google.csv#significant@skill=Ubuntu,False,True,True,False,True,refused,identification,False -> refused,product,treat as a stack marker when reading this company's job ads competitively,the interval on the difference covering zero once the other five are re-weighted to this company's role mix,,
distinct-machine-learning,tech_stack,distinctiveness,google:Machine Learning,share of skilled postings against the other five companies pooled,"Google asks for Machine Learning in 10.3% of its skilled postings against 6.5% across the other five, a difference of 0.0385",Benjamini-Hochberg controlled across the whole skill vocabulary,task-06-tables/skill-distinctiveness-google.csv#diff@skill=Machine Learning,0.0385,06,distinctiveness:task-06-tables/skill-distinctiveness-google.csv#significant@skill=Machine Learning,True,True,True,True,True,published,,True -> published,product,treat as a stack marker when reading this company's job ads competitively,the interval on the difference covering zero once the other five are re-weighted to this company's role mix,,
distinct-linux,tech_stack,distinctiveness,google:Linux,share of skilled postings against the other five companies pooled,"Google asks for Linux in 8.3% of its skilled postings against 5.2% across the other five, a difference of 0.0308",Benjamini-Hochberg controlled across the whole skill vocabulary,task-06-tables/skill-distinctiveness-google.csv#diff@skill=Linux,0.0308,06,distinctiveness:task-06-tables/skill-distinctiveness-google.csv#significant@skill=Linux,True,True,True,True,True,published,,True -> published,product,treat as a stack marker when reading this company's job ads competitively,the interval on the difference covering zero once the other five are re-weighted to this company's role mix,,
distinct-unix,tech_stack,distinctiveness,google:Unix,share of skilled postings against the other five companies pooled,"Google asks for Unix in 1.0% of its skilled postings against 0.7% across the other five, a difference of 0.0030",Benjamini-Hochberg controlled across the whole skill vocabulary,task-06-tables/skill-distinctiveness-google.csv#diff@skill=Unix,0.003,06,distinctiveness:task-06-tables/skill-distinctiveness-google.csv#significant@skill=Unix,False,True,True,False,True,refused,identification,False -> refused,product,treat as a stack marker when reading this company's job ads competitively,the interval on the difference covering zero once the other five are re-weighted to this company's role mix,,
distinct-c,tech_stack,distinctiveness,google:C,share of skilled postings against the other five companies pooled,"Google asks for C in 6.1% of its skilled postings against 4.2% across the other five, a difference of 0.0193",Benjamini-Hochberg controlled across the whole skill vocabulary,task-06-tables/skill-distinctiveness-google.csv#diff@skill=C,0.0193,06,distinctiveness:task-06-tables/skill-distinctiveness-google.csv#significant@skill=C,False,True,True,False,True,refused,identification,False -> refused,product,treat as a stack marker when reading this company's job ads competitively,the interval on the difference covering zero once the other five are re-weighted to this company's role mix,,
distinct-django,tech_stack,distinctiveness,google:Django,share of skilled postings against the other five companies pooled,"Google asks for Django in 0.0% of its skilled postings against 0.0% across the other five, a difference of -0.0004",Benjamini-Hochberg controlled across the whole skill vocabulary,task-06-tables/skill-distinctiveness-google.csv#diff@skill=Django,-0.0004,06,distinctiveness:task-06-tables/skill-distinctiveness-google.csv#significant@skill=Django,False,True,True,False,True,refused,identification,False -> refused,product,treat as a stack marker when reading this company's job ads competitively,the interval on the difference covering zero once the other five are re-weighted to this company's role mix,,
distinct-html,tech_stack,distinctiveness,google:HTML,share of skilled postings against the other five companies pooled,"Google asks for HTML in 1.5% of its skilled postings against 1.2% across the other five, a difference of 0.0035",Benjamini-Hochberg controlled across the whole skill vocabulary,task-06-tables/skill-distinctiveness-google.csv#diff@skill=HTML,0.0035,06,distinctiveness:task-06-tables/skill-distinctiveness-google.csv#significant@skill=HTML,False,True,True,False,True,refused,identification,False -> refused,product,treat as a stack marker when reading this company's job ads competitively,the interval on the difference covering zero once the other five are re-weighted to this company's role mix,,
distinct-groovy,tech_stack,distinctiveness,google:Groovy,share of skilled postings against the other five companies pooled,"Google asks for Groovy in 0.0% of its skilled postings against 0.0% across the other five, a difference of -0.0004",Benjamini-Hochberg controlled across the whole skill vocabulary,task-06-tables/skill-distinctiveness-google.csv#diff@skill=Groovy,-0.0004,06,distinctiveness:task-06-tables/skill-distinctiveness-google.csv#significant@skill=Groovy,False,True,True,False,True,refused,identification,False -> refused,product,treat as a stack marker when reading this company's job ads competitively,the interval on the difference covering zero once the other five are re-weighted to this company's role mix,,
distinct-vue-dot-js,tech_stack,distinctiveness,google:Vue.js,share of skilled postings against the other five companies pooled,"Google asks for Vue.js in 0.0% of its skilled postings against 0.0% across the other five, a difference of -0.0004",Benjamini-Hochberg controlled across the whole skill vocabulary,task-06-tables/skill-distinctiveness-google.csv#diff@skill=Vue.js,-0.0004,06,distinctiveness:task-06-tables/skill-distinctiveness-google.csv#significant@skill=Vue.js,False,True,True,False,True,refused,identification,False -> refused,product,treat as a stack marker when reading this company's job ads competitively,the interval on the difference covering zero once the other five are re-weighted to this company's role mix,,
distinct-gdpr,tech_stack,distinctiveness,google:GDPR,share of skilled postings against the other five companies pooled,"Google asks for GDPR in 0.2% of its skilled postings against 0.2% across the other five, a difference of 0",Benjamini-Hochberg controlled across the whole skill vocabulary,task-06-tables/skill-distinctiveness-google.csv#diff@skill=GDPR,0.0,06,distinctiveness:task-06-tables/skill-distinctiveness-google.csv#significant@skill=GDPR,False,True,True,False,True,refused,identification,False -> refused,product,treat as a stack marker when reading this company's job ads competitively,the interval on the difference covering zero once the other five are re-weighted to this company's role mix,,
distinct-cuda,tech_stack,distinctiveness,google:CUDA,share of skilled postings against the other five companies pooled,"Google asks for CUDA in 0.0% of its skilled postings against 0.0% across the other five, a difference of -0.0004",Benjamini-Hochberg controlled across the whole skill vocabulary,task-06-tables/skill-distinctiveness-google.csv#diff@skill=CUDA,-0.0004,06,distinctiveness:task-06-tables/skill-distinctiveness-google.csv#significant@skill=CUDA,False,True,True,False,True,refused,identification,False -> refused,product,treat as a stack marker when reading this company's job ads competitively,the interval on the difference covering zero once the other five are re-weighted to this company's role mix,,
distinct-ansible,tech_stack,distinctiveness,google:Ansible,share of skilled postings against the other five companies pooled,"Google asks for Ansible in 0.9% of its skilled postings against 0.7% across the other five, a difference of 0.0017",Benjamini-Hochberg controlled across the whole skill vocabulary,task-06-tables/skill-distinctiveness-google.csv#diff@skill=Ansible,0.0017,06,distinctiveness:task-06-tables/skill-distinctiveness-google.csv#significant@skill=Ansible,False,True,True,False,True,refused,identification,False -> refused,product,treat as a stack marker when reading this company's job ads competitively,the interval on the difference covering zero once the other five are re-weighted to this company's role mix,,
distinct-sas,tech_stack,distinctiveness,google:SAS,share of skilled postings against the other five companies pooled,"Google asks for SAS in 5.8% of its skilled postings against 4.4% across the other five, a difference of 0.0138",Benjamini-Hochberg controlled across the whole skill vocabulary,task-06-tables/skill-distinctiveness-google.csv#diff@skill=SAS,0.0138,06,distinctiveness:task-06-tables/skill-distinctiveness-google.csv#significant@skill=SAS,False,True,True,False,True,refused,identification,False -> refused,product,treat as a stack marker when reading this company's job ads competitively,the interval on the difference covering zero once the other five are re-weighted to this company's role mix,,
distinct-r,tech_stack,distinctiveness,google:R,share of skilled postings against the other five companies pooled,"Google asks for R in 36.3% of its skilled postings against 27.6% across the other five, a difference of 0.0867",Benjamini-Hochberg controlled across the whole skill vocabulary,task-06-tables/skill-distinctiveness-google.csv#diff@skill=R,0.0867,06,distinctiveness:task-06-tables/skill-distinctiveness-google.csv#significant@skill=R,True,True,True,True,True,published,,True -> published,product,treat as a stack marker when reading this company's job ads competitively,the interval on the difference covering zero once the other five are re-weighted to this company's role mix,,
distinct-matlab,tech_stack,distinctiveness,google:MATLAB,share of skilled postings against the other five companies pooled,"Google asks for MATLAB in 5.1% of its skilled postings against 4.0% across the other five, a difference of 0.0112",Benjamini-Hochberg controlled across the whole skill vocabulary,task-06-tables/skill-distinctiveness-google.csv#diff@skill=MATLAB,0.0112,06,distinctiveness:task-06-tables/skill-distinctiveness-google.csv#significant@skill=MATLAB,False,True,True,False,True,refused,identification,False -> refused,product,treat as a stack marker when reading this company's job ads competitively,the interval on the difference covering zero once the other five are re-weighted to this company's role mix,,
distinct-google-sheets,tech_stack,distinctiveness,google:Google Sheets,share of skilled postings against the other five companies pooled,"Google asks for Google Sheets in 0.9% of its skilled postings against 0.8% across the other five, a difference of 0.0005","Benjamini-Hochberg controlled across the whole skill vocabulary; this is the company's own product, so the mention is self-referential",task-06-tables/skill-distinctiveness-google.csv#diff@skill=Google Sheets,0.0005,06,distinctiveness:task-06-tables/skill-distinctiveness-google.csv#significant@skill=Google Sheets,False,True,True,False,True,refused,identification,False -> refused,product,treat as a stack marker when reading this company's job ads competitively,the interval on the difference covering zero once the other five are re-weighted to this company's role mix,,self-referential
distinct-puppet,tech_stack,distinctiveness,google:Puppet,share of skilled postings against the other five companies pooled,"Google asks for Puppet in 0.5% of its skilled postings against 0.5% across the other five, a difference of 0",Benjamini-Hochberg controlled across the whole skill vocabulary,task-06-tables/skill-distinctiveness-google.csv#diff@skill=Puppet,0.0,06,distinctiveness:task-06-tables/skill-distinctiveness-google.csv#significant@skill=Puppet,False,True,True,False,True,refused,identification,False -> refused,product,treat as a stack marker when reading this company's job ads competitively,the interval on the difference covering zero once the other five are re-weighted to this company's role mix,,
distinct-jupyter,tech_stack,distinctiveness,google:Jupyter,share of skilled postings against the other five companies pooled,"Google asks for Jupyter in 0.5% of its skilled postings against 0.5% across the other five, a difference of 0",Benjamini-Hochberg controlled across the whole skill vocabulary,task-06-tables/skill-distinctiveness-google.csv#diff@skill=Jupyter,0.0,06,distinctiveness:task-06-tables/skill-distinctiveness-google.csv#significant@skill=Jupyter,False,True,True,False,True,refused,identification,False -> refused,product,treat as a stack marker when reading this company's job ads competitively,the interval on the difference covering zero once the other five are re-weighted to this company's role mix,,
distinct-chef,tech_stack,distinctiveness,google:Chef,share of skilled postings against the other five companies pooled,"Google asks for Chef in 0.5% of its skilled postings against 0.5% across the other five, a difference of 0",Benjamini-Hochberg controlled across the whole skill vocabulary,task-06-tables/skill-distinctiveness-google.csv#diff@skill=Chef,0.0,06,distinctiveness:task-06-tables/skill-distinctiveness-google.csv#significant@skill=Chef,False,True,True,False,True,refused,identification,False -> refused,product,treat as a stack marker when reading this company's job ads competitively,the interval on the difference covering zero once the other five are re-weighted to this company's role mix,,
distinct-qlik,tech_stack,distinctiveness,google:Qlik,share of skilled postings against the other five companies pooled,"Google asks for Qlik in 0.2% of its skilled postings against 0.2% across the other five, a difference of -0.0004",Benjamini-Hochberg controlled across the whole skill vocabulary,task-06-tables/skill-distinctiveness-google.csv#diff@skill=Qlik,-0.0004,06,distinctiveness:task-06-tables/skill-distinctiveness-google.csv#significant@skill=Qlik,False,True,True,False,True,refused,identification,False -> refused,product,treat as a stack marker when reading this company's job ads competitively,the interval on the difference covering zero once the other five are re-weighted to this company's role mix,,
distinct-splunk,tech_stack,distinctiveness,google:Splunk,share of skilled postings against the other five companies pooled,"Google asks for Splunk in 0.5% of its skilled postings against 0.6% across the other five, a difference of -0.0008",Benjamini-Hochberg controlled across the whole skill vocabulary,task-06-tables/skill-distinctiveness-google.csv#diff@skill=Splunk,-0.0008,06,distinctiveness:task-06-tables/skill-distinctiveness-google.csv#significant@skill=Splunk,False,True,True,False,True,refused,identification,False -> refused,product,treat as a stack marker when reading this company's job ads competitively,the interval on the difference covering zero once the other five are re-weighted to this company's role mix,,
distinct-c-plus-plus,tech_stack,distinctiveness,google:C++,share of skilled postings against the other five companies pooled,"Google asks for C++ in 17.3% of its skilled postings against 18.1% across the other five, a difference of -0.0079",Benjamini-Hochberg controlled across the whole skill vocabulary,task-06-tables/skill-distinctiveness-google.csv#diff@skill=C++,-0.0079,06,distinctiveness:task-06-tables/skill-distinctiveness-google.csv#significant@skill=C++,False,True,True,False,True,refused,identification,False -> refused,product,treat as a stack marker when reading this company's job ads competitively,the interval on the difference covering zero once the other five are re-weighted to this company's role mix,,
distinct-python,tech_stack,distinctiveness,google:Python,share of skilled postings against the other five companies pooled,"Google asks for Python in 63.0% of its skilled postings against 66.1% across the other five, a difference of -0.0303",Benjamini-Hochberg controlled across the whole skill vocabulary,task-06-tables/skill-distinctiveness-google.csv#diff@skill=Python,-0.0303,06,distinctiveness:task-06-tables/skill-distinctiveness-google.csv#significant@skill=Python,False,True,True,False,True,refused,identification,False -> refused,product,treat as a stack marker when reading this company's job ads competitively,the interval on the difference covering zero once the other five are re-weighted to this company's role mix,,
distinct-java,tech_stack,distinctiveness,google:Java,share of skilled postings against the other five companies pooled,"Google asks for Java in 22.4% of its skilled postings against 23.5% across the other five, a difference of -0.0114",Benjamini-Hochberg controlled across the whole skill vocabulary,task-06-tables/skill-distinctiveness-google.csv#diff@skill=Java,-0.0114,06,distinctiveness:task-06-tables/skill-distinctiveness-google.csv#significant@skill=Java,False,True,True,False,True,refused,identification,False -> refused,product,treat as a stack marker when reading this company's job ads competitively,the interval on the difference covering zero once the other five are re-weighted to this company's role mix,,
distinct-spss,tech_stack,distinctiveness,google:SPSS,share of skilled postings against the other five companies pooled,"Google asks for SPSS in 1.2% of its skilled postings against 1.4% across the other five, a difference of -0.0016",Benjamini-Hochberg controlled across the whole skill vocabulary,task-06-tables/skill-distinctiveness-google.csv#diff@skill=SPSS,-0.0016,06,distinctiveness:task-06-tables/skill-distinctiveness-google.csv#significant@skill=SPSS,False,True,True,False,True,refused,identification,False -> refused,product,treat as a stack marker when reading this company's job ads competitively,the interval on the difference covering zero once the other five are re-weighted to this company's role mix,,
distinct-computer-vision,tech_stack,distinctiveness,google:Computer Vision,share of skilled postings against the other five companies pooled,"Google asks for Computer Vision in 0.2% of its skilled postings against 0.2% across the other five, a difference of -0.0008",Benjamini-Hochberg controlled across the whole skill vocabulary,task-06-tables/skill-distinctiveness-google.csv#diff@skill=Computer Vision,-0.0008,06,distinctiveness:task-06-tables/skill-distinctiveness-google.csv#significant@skill=Computer Vision,False,True,True,False,True,refused,identification,False -> refused,product,treat as a stack marker when reading this company's job ads competitively,the interval on the difference covering zero once the other five are re-weighted to this company's role mix,,
distinct-perl,tech_stack,distinctiveness,google:Perl,share of skilled postings against the other five companies pooled,"Google asks for Perl in 2.9% of its skilled postings against 3.3% across the other five, a difference of -0.0045",Benjamini-Hochberg controlled across the whole skill vocabulary,task-06-tables/skill-distinctiveness-google.csv#diff@skill=Perl,-0.0045,06,distinctiveness:task-06-tables/skill-distinctiveness-google.csv#significant@skill=Perl,False,True,True,False,True,refused,identification,False -> refused,product,treat as a stack marker when reading this company's job ads competitively,the interval on the difference covering zero once the other five are re-weighted to this company's role mix,,
distinct-terraform,tech_stack,distinctiveness,google:Terraform,share of skilled postings against the other five companies pooled,"Google asks for Terraform in 1.2% of its skilled postings against 1.5% across the other five, a difference of -0.0029",Benjamini-Hochberg controlled across the whole skill vocabulary,task-06-tables/skill-distinctiveness-google.csv#diff@skill=Terraform,-0.0029,06,distinctiveness:task-06-tables/skill-distinctiveness-google.csv#significant@skill=Terraform,False,True,True,False,True,refused,identification,False -> refused,product,treat as a stack marker when reading this company's job ads competitively,the interval on the difference covering zero once the other five are re-weighted to this company's role mix,,
distinct-flask,tech_stack,distinctiveness,google:Flask,share of skilled postings against the other five companies pooled,"Google asks for Flask in 0.0% of its skilled postings against 0.1% across the other five, a difference of -0.0008",Benjamini-Hochberg controlled across the whole skill vocabulary,task-06-tables/skill-distinctiveness-google.csv#diff@skill=Flask,-0.0008,06,distinctiveness:task-06-tables/skill-distinctiveness-google.csv#significant@skill=Flask,False,True,True,False,True,refused,identification,False -> refused,product,treat as a stack marker when reading this company's job ads competitively,the interval on the difference covering zero once the other five are re-weighted to this company's role mix,,
distinct-keras,tech_stack,distinctiveness,google:Keras,share of skilled postings against the other five companies pooled,"Google asks for Keras in 0.9% of its skilled postings against 1.2% across the other five, a difference of -0.0033","Benjamini-Hochberg controlled across the whole skill vocabulary; this is the company's own product, so the mention is self-referential",task-06-tables/skill-distinctiveness-google.csv#diff@skill=Keras,-0.0033,06,distinctiveness:task-06-tables/skill-distinctiveness-google.csv#significant@skill=Keras,False,True,True,False,True,refused,identification,False -> refused,product,treat as a stack marker when reading this company's job ads competitively,the interval on the difference covering zero once the other five are re-weighted to this company's role mix,,self-referential
distinct-css,tech_stack,distinctiveness,google:CSS,share of skilled postings against the other five companies pooled,"Google asks for CSS in 1.2% of its skilled postings against 1.7% across the other five, a difference of -0.0054",Benjamini-Hochberg controlled across the whole skill vocabulary,task-06-tables/skill-distinctiveness-google.csv#diff@skill=CSS,-0.0054,06,distinctiveness:task-06-tables/skill-distinctiveness-google.csv#significant@skill=CSS,False,True,True,False,True,refused,identification,False -> refused,product,treat as a stack marker when reading this company's job ads competitively,the interval on the difference covering zero once the other five are re-weighted to this company's role mix,,
distinct-sql,tech_stack,distinctiveness,google:SQL,share of skilled postings against the other five companies pooled,"Google asks for SQL in 43.2% of its skilled postings against 61.2% across the other five, a difference of -0.1797",Benjamini-Hochberg controlled across the whole skill vocabulary,task-06-tables/skill-distinctiveness-google.csv#diff@skill=SQL,-0.1797,06,distinctiveness:task-06-tables/skill-distinctiveness-google.csv#significant@skill=SQL,True,True,True,True,True,published,,True -> published,product,treat as a stack marker when reading this company's job ads competitively,the interval on the difference covering zero once the other five are re-weighted to this company's role mix,,
distinct-mysql,tech_stack,distinctiveness,google:MySQL,share of skilled postings against the other five companies pooled,"Google asks for MySQL in 0.9% of its skilled postings against 1.4% across the other five, a difference of -0.0054",Benjamini-Hochberg controlled across the whole skill vocabulary,task-06-tables/skill-distinctiveness-google.csv#diff@skill=MySQL,-0.0054,06,distinctiveness:task-06-tables/skill-distinctiveness-google.csv#significant@skill=MySQL,False,True,True,False,True,refused,identification,False -> refused,product,treat as a stack marker when reading this company's job ads competitively,the interval on the difference covering zero once the other five are re-weighted to this company's role mix,,
distinct-hadoop,tech_stack,distinctiveness,google:Hadoop,share of skilled postings against the other five companies pooled,"Google asks for Hadoop in 9.8% of its skilled postings against 16.2% across the other five, a difference of -0.0639",Benjamini-Hochberg controlled across the whole skill vocabulary,task-06-tables/skill-distinctiveness-google.csv#diff@skill=Hadoop,-0.0639,06,distinctiveness:task-06-tables/skill-distinctiveness-google.csv#significant@skill=Hadoop,True,True,True,True,True,published,,True -> published,product,treat as a stack marker when reading this company's job ads competitively,the interval on the difference covering zero once the other five are re-weighted to this company's role mix,,
distinct-typescript,tech_stack,distinctiveness,google:TypeScript,share of skilled postings against the other five companies pooled,"Google asks for TypeScript in 1.5% of its skilled postings against 2.7% across the other five, a difference of -0.0117",Benjamini-Hochberg controlled across the whole skill vocabulary,task-06-tables/skill-distinctiveness-google.csv#diff@skill=TypeScript,-0.0117,06,distinctiveness:task-06-tables/skill-distinctiveness-google.csv#significant@skill=TypeScript,False,True,True,False,True,refused,identification,False -> refused,product,treat as a stack marker when reading this company's job ads competitively,the interval on the difference covering zero once the other five are re-weighted to this company's role mix,,
distinct-scala,tech_stack,distinctiveness,google:Scala,share of skilled postings against the other five companies pooled,"Google asks for Scala in 9.0% of its skilled postings against 15.6% across the other five, a difference of -0.0657",Benjamini-Hochberg controlled across the whole skill vocabulary,task-06-tables/skill-distinctiveness-google.csv#diff@skill=Scala,-0.0657,06,distinctiveness:task-06-tables/skill-distinctiveness-google.csv#significant@skill=Scala,True,True,True,True,True,published,,True -> published,product,treat as a stack marker when reading this company's job ads competitively,the interval on the difference covering zero once the other five are re-weighted to this company's role mix,,
distinct-angular,tech_stack,distinctiveness,google:Angular,share of skilled postings against the other five companies pooled,"Google asks for Angular in 0.5% of its skilled postings against 1.0% across the other five, a difference of -0.0050","Benjamini-Hochberg controlled across the whole skill vocabulary; this is the company's own product, so the mention is self-referential",task-06-tables/skill-distinctiveness-google.csv#diff@skill=Angular,-0.005,06,distinctiveness:task-06-tables/skill-distinctiveness-google.csv#significant@skill=Angular,False,True,True,False,True,refused,identification,False -> refused,product,treat as a stack marker when reading this company's job ads competitively,the interval on the difference covering zero once the other five are re-weighted to this company's role mix,,self-referential
distinct-nltk,tech_stack,distinctiveness,google:NLTK,share of skilled postings against the other five companies pooled,"Google asks for NLTK in 0.0% of its skilled postings against 0.1% across the other five, a difference of -0.0013",Benjamini-Hochberg controlled across the whole skill vocabulary,task-06-tables/skill-distinctiveness-google.csv#diff@skill=NLTK,-0.0013,06,distinctiveness:task-06-tables/skill-distinctiveness-google.csv#significant@skill=NLTK,False,True,True,False,True,refused,identification,False -> refused,product,treat as a stack marker when reading this company's job ads competitively,the interval on the difference covering zero once the other five are re-weighted to this company's role mix,,
distinct-tableau,tech_stack,distinctiveness,google:Tableau,share of skilled postings against the other five companies pooled,"Google asks for Tableau in 5.1% of its skilled postings against 9.0% across the other five, a difference of -0.0389",Benjamini-Hochberg controlled across the whole skill vocabulary,task-06-tables/skill-distinctiveness-google.csv#diff@skill=Tableau,-0.0389,06,distinctiveness:task-06-tables/skill-distinctiveness-google.csv#significant@skill=Tableau,True,True,True,True,True,published,,True -> published,product,treat as a stack marker when reading this company's job ads competitively,the interval on the difference covering zero once the other five are re-weighted to this company's role mix,,
distinct-ruby-on-rails,tech_stack,distinctiveness,google:Ruby on Rails,share of skilled postings against the other five companies pooled,"Google asks for Ruby on Rails in 0.0% of its skilled postings against 0.1% across the other five, a difference of -0.0013",Benjamini-Hochberg controlled across the whole skill vocabulary,task-06-tables/skill-distinctiveness-google.csv#diff@skill=Ruby on Rails,-0.0013,06,distinctiveness:task-06-tables/skill-distinctiveness-google.csv#significant@skill=Ruby on Rails,False,True,True,False,True,refused,identification,False -> refused,product,treat as a stack marker when reading this company's job ads competitively,the interval on the difference covering zero once the other five are re-weighted to this company's role mix,,
distinct-airflow,tech_stack,distinctiveness,google:Airflow,share of skilled postings against the other five companies pooled,"Google asks for Airflow in 1.9% of its skilled postings against 3.5% across the other five, a difference of -0.0168",Benjamini-Hochberg controlled across the whole skill vocabulary,task-06-tables/skill-distinctiveness-google.csv#diff@skill=Airflow,-0.0168,06,distinctiveness:task-06-tables/skill-distinctiveness-google.csv#significant@skill=Airflow,False,True,True,False,True,refused,identification,False -> refused,product,treat as a stack marker when reading this company's job ads competitively,the interval on the difference covering zero once the other five are re-weighted to this company's role mix,,
distinct-bash,tech_stack,distinctiveness,google:Bash,share of skilled postings against the other five companies pooled,"Google asks for Bash in 0.7% of its skilled postings against 1.4% across the other five, a difference of -0.0071",Benjamini-Hochberg controlled across the whole skill vocabulary,task-06-tables/skill-distinctiveness-google.csv#diff@skill=Bash,-0.0071,06,distinctiveness:task-06-tables/skill-distinctiveness-google.csv#significant@skill=Bash,False,True,True,False,True,refused,identification,False -> refused,product,treat as a stack marker when reading this company's job ads competitively,the interval on the difference covering zero once the other five are re-weighted to this company's role mix,,
distinct-jenkins,tech_stack,distinctiveness,google:Jenkins,share of skilled postings against the other five companies pooled,"Google asks for Jenkins in 1.0% of its skilled postings against 2.0% across the other five, a difference of -0.0101",Benjamini-Hochberg controlled across the whole skill vocabulary,task-06-tables/skill-distinctiveness-google.csv#diff@skill=Jenkins,-0.0101,06,distinctiveness:task-06-tables/skill-distinctiveness-google.csv#significant@skill=Jenkins,False,True,True,False,True,refused,identification,False -> refused,product,treat as a stack marker when reading this company's job ads competitively,the interval on the difference covering zero once the other five are re-weighted to this company's role mix,,
distinct-github,tech_stack,distinctiveness,google:GitHub,share of skilled postings against the other five companies pooled,"Google asks for GitHub in 0.7% of its skilled postings against 1.5% across the other five, a difference of -0.0084",Benjamini-Hochberg controlled across the whole skill vocabulary,task-06-tables/skill-distinctiveness-google.csv#diff@skill=GitHub,-0.0084,06,distinctiveness:task-06-tables/skill-distinctiveness-google.csv#significant@skill=GitHub,False,True,True,False,True,refused,identification,False -> refused,product,treat as a stack marker when reading this company's job ads competitively,the interval on the difference covering zero once the other five are re-weighted to this company's role mix,,
distinct-openstack,tech_stack,distinctiveness,google:OpenStack,share of skilled postings against the other five companies pooled,"Google asks for OpenStack in 0.2% of its skilled postings against 0.5% across the other five, a difference of -0.0034",Benjamini-Hochberg controlled across the whole skill vocabulary,task-06-tables/skill-distinctiveness-google.csv#diff@skill=OpenStack,-0.0034,06,distinctiveness:task-06-tables/skill-distinctiveness-google.csv#significant@skill=OpenStack,False,True,True,False,True,refused,identification,False -> refused,product,treat as a stack marker when reading this company's job ads competitively,the interval on the difference covering zero once the other five are re-weighted to this company's role mix,,
distinct-pytorch,tech_stack,distinctiveness,google:PyTorch,share of skilled postings against the other five companies pooled,"Google asks for PyTorch in 3.0% of its skilled postings against 6.8% across the other five, a difference of -0.0373",Benjamini-Hochberg controlled across the whole skill vocabulary,task-06-tables/skill-distinctiveness-google.csv#diff@skill=PyTorch,-0.0373,06,distinctiveness:task-06-tables/skill-distinctiveness-google.csv#significant@skill=PyTorch,True,True,True,True,True,published,,True -> published,product,treat as a stack marker when reading this company's job ads competitively,the interval on the difference covering zero once the other five are re-weighted to this company's role mix,,
distinct-data-modelling,tech_stack,distinctiveness,google:Data Modelling,share of skilled postings against the other five companies pooled,"Google asks for Data Modelling in 0.0% of its skilled postings against 0.2% across the other five, a difference of -0.0017",Benjamini-Hochberg controlled across the whole skill vocabulary,task-06-tables/skill-distinctiveness-google.csv#diff@skill=Data Modelling,-0.0017,06,distinctiveness:task-06-tables/skill-distinctiveness-google.csv#significant@skill=Data Modelling,False,True,True,False,True,refused,identification,False -> refused,product,treat as a stack marker when reading this company's job ads competitively,the interval on the difference covering zero once the other five are re-weighted to this company's role mix,,
distinct-hugging-face,tech_stack,distinctiveness,google:Hugging Face,share of skilled postings against the other five companies pooled,"Google asks for Hugging Face in 0.0% of its skilled postings against 0.2% across the other five, a difference of -0.0017",Benjamini-Hochberg controlled across the whole skill vocabulary,task-06-tables/skill-distinctiveness-google.csv#diff@skill=Hugging Face,-0.0017,06,distinctiveness:task-06-tables/skill-distinctiveness-google.csv#significant@skill=Hugging Face,False,True,True,False,True,refused,identification,False -> refused,product,treat as a stack marker when reading this company's job ads competitively,the interval on the difference covering zero once the other five are re-weighted to this company's role mix,,
distinct-nlp,tech_stack,distinctiveness,google:NLP,share of skilled postings against the other five companies pooled,"Google asks for NLP in 0.0% of its skilled postings against 0.2% across the other five, a difference of -0.0017",Benjamini-Hochberg controlled across the whole skill vocabulary,task-06-tables/skill-distinctiveness-google.csv#diff@skill=NLP,-0.0017,06,distinctiveness:task-06-tables/skill-distinctiveness-google.csv#significant@skill=NLP,False,True,True,False,True,refused,identification,False -> refused,product,treat as a stack marker when reading this company's job ads competitively,the interval on the difference covering zero once the other five are re-weighted to this company's role mix,,
distinct-microsoft-outlook,tech_stack,distinctiveness,google:Microsoft Outlook,share of skilled postings against the other five companies pooled,"Google asks for Microsoft Outlook in 0.5% of its skilled postings against 1.3% across the other five, a difference of -0.0080",Benjamini-Hochberg controlled across the whole skill vocabulary,task-06-tables/skill-distinctiveness-google.csv#diff@skill=Microsoft Outlook,-0.008,06,distinctiveness:task-06-tables/skill-distinctiveness-google.csv#significant@skill=Microsoft Outlook,False,True,True,False,True,refused,identification,False -> refused,product,treat as a stack marker when reading this company's job ads competitively,the interval on the difference covering zero once the other five are re-weighted to this company's role mix,,
distinct-etl,tech_stack,distinctiveness,google:ETL,share of skilled postings against the other five companies pooled,"Google asks for ETL in 0.0% of its skilled postings against 0.2% across the other five, a difference of -0.0017",Benjamini-Hochberg controlled across the whole skill vocabulary,task-06-tables/skill-distinctiveness-google.csv#diff@skill=ETL,-0.0017,06,distinctiveness:task-06-tables/skill-distinctiveness-google.csv#significant@skill=ETL,False,True,True,False,True,refused,identification,False -> refused,product,treat as a stack marker when reading this company's job ads competitively,the interval on the difference covering zero once the other five are re-weighted to this company's role mix,,
distinct-pandas,tech_stack,distinctiveness,google:pandas,share of skilled postings against the other five companies pooled,"Google asks for pandas in 2.9% of its skilled postings against 6.7% across the other five, a difference of -0.0378",Benjamini-Hochberg controlled across the whole skill vocabulary,task-06-tables/skill-distinctiveness-google.csv#diff@skill=pandas,-0.0378,06,distinctiveness:task-06-tables/skill-distinctiveness-google.csv#significant@skill=pandas,True,True,True,True,True,published,,True -> published,product,treat as a stack marker when reading this company's job ads competitively,the interval on the difference covering zero once the other five are re-weighted to this company's role mix,,
distinct-gcp,tech_stack,distinctiveness,google:GCP,share of skilled postings against the other five companies pooled,"Google asks for GCP in 4.1% of its skilled postings against 9.5% across the other five, a difference of -0.0546","Benjamini-Hochberg controlled across the whole skill vocabulary; this is the company's own product, so the mention is self-referential",task-06-tables/skill-distinctiveness-google.csv#diff@skill=GCP,-0.0546,06,distinctiveness:task-06-tables/skill-distinctiveness-google.csv#significant@skill=GCP,True,True,True,True,True,published,,True -> published,product,treat as a stack marker when reading this company's job ads competitively,the interval on the difference covering zero once the other five are re-weighted to this company's role mix,,self-referential
distinct-sql-server,tech_stack,distinctiveness,google:SQL Server,share of skilled postings against the other five companies pooled,"Google asks for SQL Server in 0.5% of its skilled postings against 1.4% across the other five, a difference of -0.0088",Benjamini-Hochberg controlled across the whole skill vocabulary,task-06-tables/skill-distinctiveness-google.csv#diff@skill=SQL Server,-0.0088,06,distinctiveness:task-06-tables/skill-distinctiveness-google.csv#significant@skill=SQL Server,False,True,True,False,True,refused,identification,False -> refused,product,treat as a stack marker when reading this company's job ads competitively,the interval on the difference covering zero once the other five are re-weighted to this company's role mix,,
distinct-react,tech_stack,distinctiveness,google:React,share of skilled postings against the other five companies pooled,"Google asks for React in 1.2% of its skilled postings against 3.2% across the other five, a difference of -0.0197",Benjamini-Hochberg controlled across the whole skill vocabulary,task-06-tables/skill-distinctiveness-google.csv#diff@skill=React,-0.0197,06,distinctiveness:task-06-tables/skill-distinctiveness-google.csv#significant@skill=React,True,True,True,True,True,published,,True -> published,product,treat as a stack marker when reading this company's job ads competitively,the interval on the difference covering zero once the other five are re-weighted to this company's role mix,,
distinct-microsoft-word,tech_stack,distinctiveness,google:Microsoft Word,share of skilled postings against the other five companies pooled,"Google asks for Microsoft Word in 0.5% of its skilled postings against 1.5% across the other five, a difference of -0.0101",Benjamini-Hochberg controlled across the whole skill vocabulary,task-06-tables/skill-distinctiveness-google.csv#diff@skill=Microsoft Word,-0.0101,06,distinctiveness:task-06-tables/skill-distinctiveness-google.csv#significant@skill=Microsoft Word,False,True,True,False,True,refused,identification,False -> refused,product,treat as a stack marker when reading this company's job ads competitively,the interval on the difference covering zero once the other five are re-weighted to this company's role mix,,
distinct-dot-net,tech_stack,distinctiveness,google:.NET,share of skilled postings against the other five companies pooled,"Google asks for .NET in 0.0% of its skilled postings against 0.2% across the other five, a difference of -0.0021",Benjamini-Hochberg controlled across the whole skill vocabulary,task-06-tables/skill-distinctiveness-google.csv#diff@skill=.NET,-0.0021,06,distinctiveness:task-06-tables/skill-distinctiveness-google.csv#significant@skill=.NET,False,True,True,False,True,refused,identification,False -> refused,product,treat as a stack marker when reading this company's job ads competitively,the interval on the difference covering zero once the other five are re-weighted to this company's role mix,,
distinct-llm,tech_stack,distinctiveness,google:LLM,share of skilled postings against the other five companies pooled,"Google asks for LLM in 0.0% of its skilled postings against 0.2% across the other five, a difference of -0.0021",Benjamini-Hochberg controlled across the whole skill vocabulary,task-06-tables/skill-distinctiveness-google.csv#diff@skill=LLM,-0.0021,06,distinctiveness:task-06-tables/skill-distinctiveness-google.csv#significant@skill=LLM,False,True,True,False,True,refused,identification,False -> refused,product,treat as a stack marker when reading this company's job ads competitively,the interval on the difference covering zero once the other five are re-weighted to this company's role mix,,
distinct-numpy,tech_stack,distinctiveness,google:NumPy,share of skilled postings against the other five companies pooled,"Google asks for NumPy in 1.0% of its skilled postings against 3.0% across the other five, a difference of -0.0202",Benjamini-Hochberg controlled across the whole skill vocabulary,task-06-tables/skill-distinctiveness-google.csv#diff@skill=NumPy,-0.0202,06,distinctiveness:task-06-tables/skill-distinctiveness-google.csv#significant@skill=NumPy,True,True,True,True,True,published,,True -> published,product,treat as a stack marker when reading this company's job ads competitively,the interval on the difference covering zero once the other five are re-weighted to this company's role mix,,
distinct-power-bi,tech_stack,distinctiveness,google:Power BI,share of skilled postings against the other five companies pooled,"Google asks for Power BI in 1.2% of its skilled postings against 4.0% across the other five, a difference of -0.0282",Benjamini-Hochberg controlled across the whole skill vocabulary,task-06-tables/skill-distinctiveness-google.csv#diff@skill=Power BI,-0.0282,06,distinctiveness:task-06-tables/skill-distinctiveness-google.csv#significant@skill=Power BI,True,True,True,True,True,published,,True -> published,product,treat as a stack marker when reading this company's job ads competitively,the interval on the difference covering zero once the other five are re-weighted to this company's role mix,,
distinct-redshift,tech_stack,distinctiveness,google:Redshift,share of skilled postings against the other five companies pooled,"Google asks for Redshift in 0.5% of its skilled postings against 1.9% across the other five, a difference of -0.0139",Benjamini-Hochberg controlled across the whole skill vocabulary,task-06-tables/skill-distinctiveness-google.csv#diff@skill=Redshift,-0.0139,06,distinctiveness:task-06-tables/skill-distinctiveness-google.csv#significant@skill=Redshift,True,True,True,True,True,published,,True -> published,product,treat as a stack marker when reading this company's job ads competitively,the interval on the difference covering zero once the other five are re-weighted to this company's role mix,,
distinct-elasticsearch,tech_stack,distinctiveness,google:Elasticsearch,share of skilled postings against the other five companies pooled,"Google asks for Elasticsearch in 0.2% of its skilled postings against 0.8% across the other five, a difference of -0.0063",Benjamini-Hochberg controlled across the whole skill vocabulary,task-06-tables/skill-distinctiveness-google.csv#diff@skill=Elasticsearch,-0.0063,06,distinctiveness:task-06-tables/skill-distinctiveness-google.csv#significant@skill=Elasticsearch,False,True,True,False,True,refused,identification,False -> refused,product,treat as a stack marker when reading this company's job ads competitively,the interval on the difference covering zero once the other five are re-weighted to this company's role mix,,
distinct-neo4j,tech_stack,distinctiveness,google:Neo4j,share of skilled postings against the other five companies pooled,"Google asks for Neo4j in 0.0% of its skilled postings against 0.2% across the other five, a difference of -0.0025",Benjamini-Hochberg controlled across the whole skill vocabulary,task-06-tables/skill-distinctiveness-google.csv#diff@skill=Neo4j,-0.0025,06,distinctiveness:task-06-tables/skill-distinctiveness-google.csv#significant@skill=Neo4j,False,True,True,False,True,refused,identification,False -> refused,product,treat as a stack marker when reading this company's job ads competitively,the interval on the difference covering zero once the other five are re-weighted to this company's role mix,,
distinct-docker,tech_stack,distinctiveness,google:Docker,share of skilled postings against the other five companies pooled,"Google asks for Docker in 1.5% of its skilled postings against 5.4% across the other five, a difference of -0.0391",Benjamini-Hochberg controlled across the whole skill vocabulary,task-06-tables/skill-distinctiveness-google.csv#diff@skill=Docker,-0.0391,06,distinctiveness:task-06-tables/skill-distinctiveness-google.csv#significant@skill=Docker,True,True,True,True,True,published,,True -> published,product,treat as a stack marker when reading this company's job ads competitively,the interval on the difference covering zero once the other five are re-weighted to this company's role mix,,
distinct-kubernetes,tech_stack,distinctiveness,google:Kubernetes,share of skilled postings against the other five companies pooled,"Google asks for Kubernetes in 2.0% of its skilled postings against 7.2% across the other five, a difference of -0.0513","Benjamini-Hochberg controlled across the whole skill vocabulary; this is the company's own product, so the mention is self-referential",task-06-tables/skill-distinctiveness-google.csv#diff@skill=Kubernetes,-0.0513,06,distinctiveness:task-06-tables/skill-distinctiveness-google.csv#significant@skill=Kubernetes,True,True,True,True,True,published,,True -> published,product,treat as a stack marker when reading this company's job ads competitively,the interval on the difference covering zero once the other five are re-weighted to this company's role mix,,self-referential
distinct-redis,tech_stack,distinctiveness,google:Redis,share of skilled postings against the other five companies pooled,"Google asks for Redis in 0.2% of its skilled postings against 0.8% across the other five, a difference of -0.0067",Benjamini-Hochberg controlled across the whole skill vocabulary,task-06-tables/skill-distinctiveness-google.csv#diff@skill=Redis,-0.0067,06,distinctiveness:task-06-tables/skill-distinctiveness-google.csv#significant@skill=Redis,False,True,True,False,True,refused,identification,False -> refused,product,treat as a stack marker when reading this company's job ads competitively,the interval on the difference covering zero once the other five are re-weighted to this company's role mix,,
distinct-ruby,tech_stack,distinctiveness,google:Ruby,share of skilled postings against the other five companies pooled,"Google asks for Ruby in 0.2% of its skilled postings against 0.9% across the other five, a difference of -0.0072",Benjamini-Hochberg controlled across the whole skill vocabulary,task-06-tables/skill-distinctiveness-google.csv#diff@skill=Ruby,-0.0072,06,distinctiveness:task-06-tables/skill-distinctiveness-google.csv#significant@skill=Ruby,False,True,True,False,True,refused,identification,False -> refused,product,treat as a stack marker when reading this company's job ads competitively,the interval on the difference covering zero once the other five are re-weighted to this company's role mix,,
distinct-dynamodb,tech_stack,distinctiveness,google:DynamoDB,share of skilled postings against the other five companies pooled,"Google asks for DynamoDB in 0.0% of its skilled postings against 0.3% across the other five, a difference of -0.0029",Benjamini-Hochberg controlled across the whole skill vocabulary,task-06-tables/skill-distinctiveness-google.csv#diff@skill=DynamoDB,-0.0029,06,distinctiveness:task-06-tables/skill-distinctiveness-google.csv#significant@skill=DynamoDB,False,True,True,False,True,refused,identification,False -> refused,product,treat as a stack marker when reading this company's job ads competitively,the interval on the difference covering zero once the other five are re-weighted to this company's role mix,,
distinct-vba,tech_stack,distinctiveness,google:VBA,share of skilled postings against the other five companies pooled,"Google asks for VBA in 0.0% of its skilled postings against 0.3% across the other five, a difference of -0.0029",Benjamini-Hochberg controlled across the whole skill vocabulary,task-06-tables/skill-distinctiveness-google.csv#diff@skill=VBA,-0.0029,06,distinctiveness:task-06-tables/skill-distinctiveness-google.csv#significant@skill=VBA,False,True,True,False,True,refused,identification,False -> refused,product,treat as a stack marker when reading this company's job ads competitively,the interval on the difference covering zero once the other five are re-weighted to this company's role mix,,
distinct-spring,tech_stack,distinctiveness,google:Spring,share of skilled postings against the other five companies pooled,"Google asks for Spring in 0.0% of its skilled postings against 0.3% across the other five, a difference of -0.0034",Benjamini-Hochberg controlled across the whole skill vocabulary,task-06-tables/skill-distinctiveness-google.csv#diff@skill=Spring,-0.0034,06,distinctiveness:task-06-tables/skill-distinctiveness-google.csv#significant@skill=Spring,False,True,True,False,True,refused,identification,False -> refused,product,treat as a stack marker when reading this company's job ads competitively,the interval on the difference covering zero once the other five are re-weighted to this company's role mix,,
distinct-alteryx,tech_stack,distinctiveness,google:Alteryx,share of skilled postings against the other five companies pooled,"Google asks for Alteryx in 0.0% of its skilled postings against 0.3% across the other five, a difference of -0.0034",Benjamini-Hochberg controlled across the whole skill vocabulary,task-06-tables/skill-distinctiveness-google.csv#diff@skill=Alteryx,-0.0034,06,distinctiveness:task-06-tables/skill-distinctiveness-google.csv#significant@skill=Alteryx,False,True,True,False,True,refused,identification,False -> refused,product,treat as a stack marker when reading this company's job ads competitively,the interval on the difference covering zero once the other five are re-weighted to this company's role mix,,
distinct-deep-learning,tech_stack,distinctiveness,google:Deep Learning,share of skilled postings against the other five companies pooled,"Google asks for Deep Learning in 0.0% of its skilled postings against 0.3% across the other five, a difference of -0.0034",Benjamini-Hochberg controlled across the whole skill vocabulary,task-06-tables/skill-distinctiveness-google.csv#diff@skill=Deep Learning,-0.0034,06,distinctiveness:task-06-tables/skill-distinctiveness-google.csv#significant@skill=Deep Learning,False,True,True,False,True,refused,identification,False -> refused,product,treat as a stack marker when reading this company's job ads competitively,the interval on the difference covering zero once the other five are re-weighted to this company's role mix,,
distinct-confluence,tech_stack,distinctiveness,google:Confluence,share of skilled postings against the other five companies pooled,"Google asks for Confluence in 0.0% of its skilled postings against 0.3% across the other five, a difference of -0.0034",Benjamini-Hochberg controlled across the whole skill vocabulary,task-06-tables/skill-distinctiveness-google.csv#diff@skill=Confluence,-0.0034,06,distinctiveness:task-06-tables/skill-distinctiveness-google.csv#significant@skill=Confluence,False,True,True,False,True,refused,identification,False -> refused,product,treat as a stack marker when reading this company's job ads competitively,the interval on the difference covering zero once the other five are re-weighted to this company's role mix,,
distinct-spark,tech_stack,distinctiveness,google:Spark,share of skilled postings against the other five companies pooled,"Google asks for Spark in 6.1% of its skilled postings against 26.8% across the other five, a difference of -0.2066",Benjamini-Hochberg controlled across the whole skill vocabulary,task-06-tables/skill-distinctiveness-google.csv#diff@skill=Spark,-0.2066,06,distinctiveness:task-06-tables/skill-distinctiveness-google.csv#significant@skill=Spark,True,True,True,True,True,published,,True -> published,product,treat as a stack marker when reading this company's job ads competitively,the interval on the difference covering zero once the other five are re-weighted to this company's role mix,,
distinct-c-sharp,tech_stack,distinctiveness,google:C#,share of skilled postings against the other five companies pooled,"Google asks for C# in 2.4% of its skilled postings against 11.8% across the other five, a difference of -0.0938",Benjamini-Hochberg controlled across the whole skill vocabulary,task-06-tables/skill-distinctiveness-google.csv#diff@skill=C#,-0.0938,06,distinctiveness:task-06-tables/skill-distinctiveness-google.csv#significant@skill=C#,True,True,True,True,True,published,,True -> published,product,treat as a stack marker when reading this company's job ads competitively,the interval on the difference covering zero once the other five are re-weighted to this company's role mix,,
distinct-vmware,tech_stack,distinctiveness,google:VMware,share of skilled postings against the other five companies pooled,"Google asks for VMware in 0.2% of its skilled postings against 1.3% across the other five, a difference of -0.0109",Benjamini-Hochberg controlled across the whole skill vocabulary,task-06-tables/skill-distinctiveness-google.csv#diff@skill=VMware,-0.0109,06,distinctiveness:task-06-tables/skill-distinctiveness-google.csv#significant@skill=VMware,True,True,True,True,True,published,,True -> published,product,treat as a stack marker when reading this company's job ads competitively,the interval on the difference covering zero once the other five are re-weighted to this company's role mix,,
distinct-julia,tech_stack,distinctiveness,google:Julia,share of skilled postings against the other five companies pooled,"Google asks for Julia in 0.0% of its skilled postings against 0.4% across the other five, a difference of -0.0042",Benjamini-Hochberg controlled across the whole skill vocabulary,task-06-tables/skill-distinctiveness-google.csv#diff@skill=Julia,-0.0042,06,distinctiveness:task-06-tables/skill-distinctiveness-google.csv#significant@skill=Julia,False,True,True,False,True,refused,identification,False -> refused,product,treat as a stack marker when reading this company's job ads competitively,the interval on the difference covering zero once the other five are re-weighted to this company's role mix,,
distinct-cassandra,tech_stack,distinctiveness,google:Cassandra,share of skilled postings against the other five companies pooled,"Google asks for Cassandra in 0.3% of its skilled postings against 2.2% across the other five, a difference of -0.0185",Benjamini-Hochberg controlled across the whole skill vocabulary,task-06-tables/skill-distinctiveness-google.csv#diff@skill=Cassandra,-0.0185,06,distinctiveness:task-06-tables/skill-distinctiveness-google.csv#significant@skill=Cassandra,True,True,True,True,True,published,,True -> published,product,treat as a stack marker when reading this company's job ads competitively,the interval on the difference covering zero once the other five are re-weighted to this company's role mix,,
distinct-windows,tech_stack,distinctiveness,google:Windows,share of skilled postings against the other five companies pooled,"Google asks for Windows in 0.9% of its skilled postings against 5.6% across the other five, a difference of -0.0472",Benjamini-Hochberg controlled across the whole skill vocabulary,task-06-tables/skill-distinctiveness-google.csv#diff@skill=Windows,-0.0472,06,distinctiveness:task-06-tables/skill-distinctiveness-google.csv#significant@skill=Windows,True,True,True,True,True,published,,True -> published,product,treat as a stack marker when reading this company's job ads competitively,the interval on the difference covering zero once the other five are re-weighted to this company's role mix,,
distinct-scikit-learn,tech_stack,distinctiveness,google:scikit-learn,share of skilled postings against the other five companies pooled,"Google asks for scikit-learn in 1.0% of its skilled postings against 6.6% across the other five, a difference of -0.0560",Benjamini-Hochberg controlled across the whole skill vocabulary,task-06-tables/skill-distinctiveness-google.csv#diff@skill=scikit-learn,-0.056,06,distinctiveness:task-06-tables/skill-distinctiveness-google.csv#significant@skill=scikit-learn,True,True,True,True,True,published,,True -> published,product,treat as a stack marker when reading this company's job ads competitively,the interval on the difference covering zero once the other five are re-weighted to this company's role mix,,
distinct-powerpoint,tech_stack,distinctiveness,google:PowerPoint,share of skilled postings against the other five companies pooled,"Google asks for PowerPoint in 0.0% of its skilled postings against 0.5% across the other five, a difference of -0.0051",Benjamini-Hochberg controlled across the whole skill vocabulary,task-06-tables/skill-distinctiveness-google.csv#diff@skill=PowerPoint,-0.0051,06,distinctiveness:task-06-tables/skill-distinctiveness-google.csv#significant@skill=PowerPoint,False,True,True,False,True,refused,identification,False -> refused,product,treat as a stack marker when reading this company's job ads competitively,the interval on the difference covering zero once the other five are re-weighted to this company's role mix,,
distinct-gitlab,tech_stack,distinctiveness,google:GitLab,share of skilled postings against the other five companies pooled,"Google asks for GitLab in 0.0% of its skilled postings against 0.5% across the other five, a difference of -0.0055",Benjamini-Hochberg controlled across the whole skill vocabulary,task-06-tables/skill-distinctiveness-google.csv#diff@skill=GitLab,-0.0055,06,distinctiveness:task-06-tables/skill-distinctiveness-google.csv#significant@skill=GitLab,False,True,True,False,True,refused,identification,False -> refused,product,treat as a stack marker when reading this company's job ads competitively,the interval on the difference covering zero once the other five are re-weighted to this company's role mix,,
distinct-snowflake,tech_stack,distinctiveness,google:Snowflake,share of skilled postings against the other five companies pooled,"Google asks for Snowflake in 2.5% of its skilled postings against 20.1% across the other five, a difference of -0.1760",Benjamini-Hochberg controlled across the whole skill vocabulary,task-06-tables/skill-distinctiveness-google.csv#diff@skill=Snowflake,-0.176,06,distinctiveness:task-06-tables/skill-distinctiveness-google.csv#significant@skill=Snowflake,True,True,True,True,True,published,,True -> published,product,treat as a stack marker when reading this company's job ads competitively,the interval on the difference covering zero once the other five are re-weighted to this company's role mix,,
distinct-seaborn,tech_stack,distinctiveness,google:Seaborn,share of skilled postings against the other five companies pooled,"Google asks for Seaborn in 0.0% of its skilled postings against 0.7% across the other five, a difference of -0.0072",Benjamini-Hochberg controlled across the whole skill vocabulary,task-06-tables/skill-distinctiveness-google.csv#diff@skill=Seaborn,-0.0072,06,distinctiveness:task-06-tables/skill-distinctiveness-google.csv#significant@skill=Seaborn,False,True,True,False,True,refused,identification,False -> refused,product,treat as a stack marker when reading this company's job ads competitively,the interval on the difference covering zero once the other five are re-weighted to this company's role mix,,
distinct-generative-ai,tech_stack,distinctiveness,google:Generative AI,share of skilled postings against the other five companies pooled,"Google asks for Generative AI in 0.0% of its skilled postings against 0.7% across the other five, a difference of -0.0072",Benjamini-Hochberg controlled across the whole skill vocabulary,task-06-tables/skill-distinctiveness-google.csv#diff@skill=Generative AI,-0.0072,06,distinctiveness:task-06-tables/skill-distinctiveness-google.csv#significant@skill=Generative AI,False,True,True,False,True,refused,identification,False -> refused,product,treat as a stack marker when reading this company's job ads competitively,the interval on the difference covering zero once the other five are re-weighted to this company's role mix,,
distinct-graphql,tech_stack,distinctiveness,google:GraphQL,share of skilled postings against the other five companies pooled,"Google asks for GraphQL in 0.0% of its skilled postings against 0.8% across the other five, a difference of -0.0076",Benjamini-Hochberg controlled across the whole skill vocabulary,task-06-tables/skill-distinctiveness-google.csv#diff@skill=GraphQL,-0.0076,06,distinctiveness:task-06-tables/skill-distinctiveness-google.csv#significant@skill=GraphQL,False,True,True,False,True,refused,identification,False -> refused,product,treat as a stack marker when reading this company's job ads competitively,the interval on the difference covering zero once the other five are re-weighted to this company's role mix,,
distinct-powershell,tech_stack,distinctiveness,google:PowerShell,share of skilled postings against the other five companies pooled,"Google asks for PowerShell in 0.0% of its skilled postings against 0.8% across the other five, a difference of -0.0076",Benjamini-Hochberg controlled across the whole skill vocabulary,task-06-tables/skill-distinctiveness-google.csv#diff@skill=PowerShell,-0.0076,06,distinctiveness:task-06-tables/skill-distinctiveness-google.csv#significant@skill=PowerShell,False,True,True,False,True,refused,identification,False -> refused,product,treat as a stack marker when reading this company's job ads competitively,the interval on the difference covering zero once the other five are re-weighted to this company's role mix,,
distinct-kafka,tech_stack,distinctiveness,google:Kafka,share of skilled postings against the other five companies pooled,"Google asks for Kafka in 0.7% of its skilled postings against 7.3% across the other five, a difference of -0.0661",Benjamini-Hochberg controlled across the whole skill vocabulary,task-06-tables/skill-distinctiveness-google.csv#diff@skill=Kafka,-0.0661,06,distinctiveness:task-06-tables/skill-distinctiveness-google.csv#significant@skill=Kafka,True,True,True,True,True,published,,True -> published,product,treat as a stack marker when reading this company's job ads competitively,the interval on the difference covering zero once the other five are re-weighted to this company's role mix,,
distinct-php,tech_stack,distinctiveness,google:PHP,share of skilled postings against the other five companies pooled,"Google asks for PHP in 0.2% of its skilled postings against 2.6% across the other five, a difference of -0.0240",Benjamini-Hochberg controlled across the whole skill vocabulary,task-06-tables/skill-distinctiveness-google.csv#diff@skill=PHP,-0.024,06,distinctiveness:task-06-tables/skill-distinctiveness-google.csv#significant@skill=PHP,True,True,True,True,True,published,,True -> published,product,treat as a stack marker when reading this company's job ads competitively,the interval on the difference covering zero once the other five are re-weighted to this company's role mix,,
distinct-node-dot-js,tech_stack,distinctiveness,google:Node.js,share of skilled postings against the other five companies pooled,"Google asks for Node.js in 0.0% of its skilled postings against 1.0% across the other five, a difference of -0.0101",Benjamini-Hochberg controlled across the whole skill vocabulary,task-06-tables/skill-distinctiveness-google.csv#diff@skill=Node.js,-0.0101,06,distinctiveness:task-06-tables/skill-distinctiveness-google.csv#significant@skill=Node.js,True,True,True,True,True,published,,True -> published,product,treat as a stack marker when reading this company's job ads competitively,the interval on the difference covering zero once the other five are re-weighted to this company's role mix,,
distinct-sharepoint,tech_stack,distinctiveness,google:SharePoint,share of skilled postings against the other five companies pooled,"Google asks for SharePoint in 0.0% of its skilled postings against 1.1% across the other five, a difference of -0.0105",Benjamini-Hochberg controlled across the whole skill vocabulary,task-06-tables/skill-distinctiveness-google.csv#diff@skill=SharePoint,-0.0105,06,distinctiveness:task-06-tables/skill-distinctiveness-google.csv#significant@skill=SharePoint,True,True,True,True,True,published,,True -> published,product,treat as a stack marker when reading this company's job ads competitively,the interval on the difference covering zero once the other five are re-weighted to this company's role mix,,
distinct-jira,tech_stack,distinctiveness,google:Jira,share of skilled postings against the other five companies pooled,"Google asks for Jira in 0.0% of its skilled postings against 1.1% across the other five, a difference of -0.0105",Benjamini-Hochberg controlled across the whole skill vocabulary,task-06-tables/skill-distinctiveness-google.csv#diff@skill=Jira,-0.0105,06,distinctiveness:task-06-tables/skill-distinctiveness-google.csv#significant@skill=Jira,True,True,True,True,True,published,,True -> published,product,treat as a stack marker when reading this company's job ads competitively,the interval on the difference covering zero once the other five are re-weighted to this company's role mix,,
distinct-excel,tech_stack,distinctiveness,google:Excel,share of skilled postings against the other five companies pooled,"Google asks for Excel in 1.4% of its skilled postings against 20.8% across the other five, a difference of -0.1946",Benjamini-Hochberg controlled across the whole skill vocabulary,task-06-tables/skill-distinctiveness-google.csv#diff@skill=Excel,-0.1946,06,distinctiveness:task-06-tables/skill-distinctiveness-google.csv#significant@skill=Excel,True,True,True,True,True,published,,True -> published,product,treat as a stack marker when reading this company's job ads competitively,the interval on the difference covering zero once the other five are re-weighted to this company's role mix,,
distinct-postgresql,tech_stack,distinctiveness,google:PostgreSQL,share of skilled postings against the other five companies pooled,"Google asks for PostgreSQL in 0.0% of its skilled postings against 1.2% across the other five, a difference of -0.0122",Benjamini-Hochberg controlled across the whole skill vocabulary,task-06-tables/skill-distinctiveness-google.csv#diff@skill=PostgreSQL,-0.0122,06,distinctiveness:task-06-tables/skill-distinctiveness-google.csv#significant@skill=PostgreSQL,True,True,True,True,True,published,,True -> published,product,treat as a stack marker when reading this company's job ads competitively,the interval on the difference covering zero once the other five are re-weighted to this company's role mix,,
distinct-ggplot2,tech_stack,distinctiveness,google:ggplot2,share of skilled postings against the other five companies pooled,"Google asks for ggplot2 in 0.0% of its skilled postings against 1.5% across the other five, a difference of -0.0147",Benjamini-Hochberg controlled across the whole skill vocabulary,task-06-tables/skill-distinctiveness-google.csv#diff@skill=ggplot2,-0.0147,06,distinctiveness:task-06-tables/skill-distinctiveness-google.csv#significant@skill=ggplot2,True,True,True,True,True,published,,True -> published,product,treat as a stack marker when reading this company's job ads competitively,the interval on the difference covering zero once the other five are re-weighted to this company's role mix,,
distinct-aws,tech_stack,distinctiveness,google:AWS,share of skilled postings against the other five companies pooled,"Google asks for AWS in 0.9% of its skilled postings against 16.8% across the other five, a difference of -0.1592",Benjamini-Hochberg controlled across the whole skill vocabulary,task-06-tables/skill-distinctiveness-google.csv#diff@skill=AWS,-0.1592,06,distinctiveness:task-06-tables/skill-distinctiveness-google.csv#significant@skill=AWS,True,True,True,True,True,published,,True -> published,product,treat as a stack marker when reading this company's job ads competitively,the interval on the difference covering zero once the other five are re-weighted to this company's role mix,,
distinct-dplyr,tech_stack,distinctiveness,google:dplyr,share of skilled postings against the other five companies pooled,"Google asks for dplyr in 0.0% of its skilled postings against 1.8% across the other five, a difference of -0.0181",Benjamini-Hochberg controlled across the whole skill vocabulary,task-06-tables/skill-distinctiveness-google.csv#diff@skill=dplyr,-0.0181,06,distinctiveness:task-06-tables/skill-distinctiveness-google.csv#significant@skill=dplyr,True,True,True,True,True,published,,True -> published,product,treat as a stack marker when reading this company's job ads competitively,the interval on the difference covering zero once the other five are re-weighted to this company's role mix,,
distinct-matplotlib,tech_stack,distinctiveness,google:Matplotlib,share of skilled postings against the other five companies pooled,"Google asks for Matplotlib in 0.0% of its skilled postings against 1.9% across the other five, a difference of -0.0194",Benjamini-Hochberg controlled across the whole skill vocabulary,task-06-tables/skill-distinctiveness-google.csv#diff@skill=Matplotlib,-0.0194,06,distinctiveness:task-06-tables/skill-distinctiveness-google.csv#significant@skill=Matplotlib,True,True,True,True,True,published,,True -> published,product,treat as a stack marker when reading this company's job ads competitively,the interval on the difference covering zero once the other five are re-weighted to this company's role mix,,
distinct-azure,tech_stack,distinctiveness,google:Azure,share of skilled postings against the other five companies pooled,"Google asks for Azure in 0.9% of its skilled postings against 27.0% across the other five, a difference of -0.2616",Benjamini-Hochberg controlled across the whole skill vocabulary,task-06-tables/skill-distinctiveness-google.csv#diff@skill=Azure,-0.2616,06,distinctiveness:task-06-tables/skill-distinctiveness-google.csv#significant@skill=Azure,True,True,True,True,True,published,,True -> published,product,treat as a stack marker when reading this company's job ads competitively,the interval on the difference covering zero once the other five are re-weighted to this company's role mix,,
distinct-git,tech_stack,distinctiveness,google:Git,share of skilled postings against the other five companies pooled,"Google asks for Git in 0.0% of its skilled postings against 4.4% across the other five, a difference of -0.0442",Benjamini-Hochberg controlled across the whole skill vocabulary,task-06-tables/skill-distinctiveness-google.csv#diff@skill=Git,-0.0442,06,distinctiveness:task-06-tables/skill-distinctiveness-google.csv#significant@skill=Git,True,True,True,True,True,published,,True -> published,product,treat as a stack marker when reading this company's job ads competitively,the interval on the difference covering zero once the other five are re-weighted to this company's role mix,,
distinct-databricks,tech_stack,distinctiveness,google:Databricks,share of skilled postings against the other five companies pooled,"Google asks for Databricks in 0.0% of its skilled postings against 17.7% across the other five, a difference of -0.1774",Benjamini-Hochberg controlled across the whole skill vocabulary,task-06-tables/skill-distinctiveness-google.csv#diff@skill=Databricks,-0.1774,06,distinctiveness:task-06-tables/skill-distinctiveness-google.csv#significant@skill=Databricks,True,True,True,True,True,published,,True -> published,product,treat as a stack marker when reading this company's job ads competitively,the interval on the difference covering zero once the other five are re-weighted to this company's role mix,,
forecastable-databricks,future_demand,forecastability,databricks,share of monthly variance that is signal rather than sampling noise,"Databricks's monthly share series carries 65.7% signal, enough to be worth modelling",passing the forecastability gate means the series is not pure noise; it does not mean a forecast is usable,task-07-tables/forecastability-gate.csv#signal_share@key=databricks,0.6568,07,forecastable:task-07-tables/forecastability-gate.csv#verdict@key=databricks,too_thin,True,True,False,True,refused,identification,too_thin -> refused,exec,none on its own — the horizon table decides usability,a homogeneity test the series fails at 0.05,,
forecastable-google,future_demand,forecastability,google,share of monthly variance that is signal rather than sampling noise,"Google's monthly share series carries 73.9% signal, enough to be worth modelling",passing the forecastability gate means the series is not pure noise; it does not mean a forecast is usable,task-07-tables/forecastability-gate.csv#signal_share@key=google,0.7385,07,forecastable:task-07-tables/forecastability-gate.csv#verdict@key=google,forecastable,True,True,True,True,published_qualified,,forecastable -> published_qualified,exec,none on its own — the horizon table decides usability,a homogeneity test the series fails at 0.05,,
forecastable-meta,future_demand,forecastability,meta,share of monthly variance that is signal rather than sampling noise,"Meta's monthly share series carries 77.3% signal, enough to be worth modelling",passing the forecastability gate means the series is not pure noise; it does not mean a forecast is usable,task-07-tables/forecastability-gate.csv#signal_share@key=meta,0.7731,07,forecastable:task-07-tables/forecastability-gate.csv#verdict@key=meta,forecastable,True,True,True,True,published_qualified,,forecastable -> published_qualified,exec,none on its own — the horizon table decides usability,a homogeneity test the series fails at 0.05,,
forecastable-microsoft,future_demand,forecastability,microsoft,share of monthly variance that is signal rather than sampling noise,"Microsoft's monthly share series carries 85.2% signal, enough to be worth modelling",passing the forecastability gate means the series is not pure noise; it does not mean a forecast is usable,task-07-tables/forecastability-gate.csv#signal_share@key=microsoft,0.852,07,forecastable:task-07-tables/forecastability-gate.csv#verdict@key=microsoft,too_thin,True,True,False,True,refused,identification,too_thin -> refused,exec,none on its own — the horizon table decides usability,a homogeneity test the series fails at 0.05,,
forecastable-nvidia,future_demand,forecastability,nvidia,share of monthly variance that is signal rather than sampling noise,"Nvidia's monthly share series carries 61.1% signal, enough to be worth modelling",passing the forecastability gate means the series is not pure noise; it does not mean a forecast is usable,task-07-tables/forecastability-gate.csv#signal_share@key=nvidia,0.6106,07,forecastable:task-07-tables/forecastability-gate.csv#verdict@key=nvidia,too_thin,True,True,False,True,refused,identification,too_thin -> refused,exec,none on its own — the horizon table decides usability,a homogeneity test the series fails at 0.05,,
forecastable-snowflake,future_demand,forecastability,snowflake,share of monthly variance that is signal rather than sampling noise,"Snowflake's monthly share series carries 85.6% signal, enough to be worth modelling",passing the forecastability gate means the series is not pure noise; it does not mean a forecast is usable,task-07-tables/forecastability-gate.csv#signal_share@key=snowflake,0.8564,07,forecastable:task-07-tables/forecastability-gate.csv#verdict@key=snowflake,too_thin,True,True,False,True,refused,identification,too_thin -> refused,exec,none on its own — the horizon table decides usability,a homogeneity test the series fails at 0.05,,
forecast-h1,future_demand,forecast_horizon,google:h1,"width of the prediction interval, multiplicative",Google's posting share 1 month ahead can be stated within a band 3.15 times wide,"an interval this wide contains both a doubling and a halving, so it excludes no decision",task-07-tables/horizon-limits.csv#interval_factor@horizon=1,3.148389771403619,07,"horizon:task-07-tables/horizon-limits.csv#interval_sufficient@horizon=1&feasible:task-07-tables/forecast.csv#supported@key=google,horizon=1",True & False,True,True,False,True,refused,identification,True & False -> refused,exec,none; plan without a demand forecast from this source,a model beating persistence on Diebold-Mariano at any horizon,,
forecast-h2,future_demand,forecast_horizon,google:h2,"width of the prediction interval, multiplicative",Google's posting share 2 months ahead can be stated within a band 2.19 times wide,"an interval this wide contains both a doubling and a halving, so it excludes no decision",task-07-tables/horizon-limits.csv#interval_factor@horizon=2,2.189342251950948,07,"horizon:task-07-tables/horizon-limits.csv#interval_sufficient@horizon=2&feasible:task-07-tables/forecast.csv#supported@key=google,horizon=2",True & False,True,True,False,True,refused,identification,True & False -> refused,exec,none; plan without a demand forecast from this source,a model beating persistence on Diebold-Mariano at any horizon,,
forecast-h3,future_demand,forecast_horizon,google:h3,"width of the prediction interval, multiplicative",Google's posting share 3 months ahead can be stated within a band nan times wide,"an interval this wide contains both a doubling and a halving, so it excludes no decision",task-07-tables/horizon-limits.csv#interval_factor@horizon=3,,07,"horizon:task-07-tables/horizon-limits.csv#interval_sufficient@horizon=3&feasible:task-07-tables/forecast.csv#supported@key=google,horizon=3",False & False,True,True,False,True,refused,identification,False & False -> refused,exec,none; plan without a demand forecast from this source,a model beating persistence on Diebold-Mariano at any horizon,,
pair-google-meta,position,similarity,google|meta,cosine similarity of skill profiles,"Google and Meta have a skill-profile similarity of 0.9174, ranking 1 of 15 pairs","similarity of what the two companies advertise for, not of what they build; the rank is what is identified, not the score","task-08-tables/pair-verdicts.csv#observed@company_a=google,company_b=meta",0.9174,08,"similarity_pair:task-08-tables/pair-verdicts.csv#verdict@company_a=google,company_b=meta",robust,True,True,True,True,published,,robust -> published,hr_talent,read as the closest talent competitor for compensation and sourcing,the pair leaving rank 1 under any of the five metrics or either sensitivity,,
pair-google-nvidia,position,similarity,google|nvidia,cosine similarity of skill profiles,"Google and Nvidia have a skill-profile similarity of 0.7485, ranking 2 of 15 pairs","similarity of what the two companies advertise for, not of what they build; the rank is what is identified, not the score","task-08-tables/pair-verdicts.csv#observed@company_a=google,company_b=nvidia",0.7485,08,"similarity_pair:task-08-tables/pair-verdicts.csv#verdict@company_a=google,company_b=nvidia",vendor_dependent,True,True,True,True,published_qualified,,vendor_dependent -> published_qualified,hr_talent,"read as the 2nd closest of fifteen pairs; the rank is the finding, not the gap to the pair above",the pair leaving rank 2 under any of the five metrics or either sensitivity,,
pair-microsoft-nvidia,position,similarity,microsoft|nvidia,cosine similarity of skill profiles,"Microsoft and Nvidia have a skill-profile similarity of 0.6769, ranking 3 of 15 pairs","similarity of what the two companies advertise for, not of what they build; the rank is what is identified, not the score","task-08-tables/pair-verdicts.csv#observed@company_a=microsoft,company_b=nvidia",0.6769,08,"similarity_pair:task-08-tables/pair-verdicts.csv#verdict@company_a=microsoft,company_b=nvidia",unresolved,True,True,False,True,refused,identification,unresolved -> refused,hr_talent,"read as the 3rd closest of fifteen pairs; the rank is the finding, not the gap to the pair above",the pair leaving rank 3 under any of the five metrics or either sensitivity,,
pair-google-microsoft,position,similarity,google|microsoft,cosine similarity of skill profiles,"Google and Microsoft have a skill-profile similarity of 0.6707, ranking 4 of 15 pairs","similarity of what the two companies advertise for, not of what they build; the rank is what is identified, not the score","task-08-tables/pair-verdicts.csv#observed@company_a=google,company_b=microsoft",0.6707,08,"similarity_pair:task-08-tables/pair-verdicts.csv#verdict@company_a=google,company_b=microsoft",unresolved,True,True,False,True,refused,identification,unresolved -> refused,hr_talent,"read as the 4th closest of fifteen pairs; the rank is the finding, not the gap to the pair above",the pair leaving rank 4 under any of the five metrics or either sensitivity,,
pair-meta-microsoft,position,similarity,meta|microsoft,cosine similarity of skill profiles,"Meta and Microsoft have a skill-profile similarity of 0.6587, ranking 5 of 15 pairs","similarity of what the two companies advertise for, not of what they build; the rank is what is identified, not the score","task-08-tables/pair-verdicts.csv#observed@company_a=meta,company_b=microsoft",0.6587,08,"similarity_pair:task-08-tables/pair-verdicts.csv#verdict@company_a=meta,company_b=microsoft",unresolved,True,True,False,True,refused,identification,unresolved -> refused,hr_talent,"read as the 5th closest of fifteen pairs; the rank is the finding, not the gap to the pair above",the pair leaving rank 5 under any of the five metrics or either sensitivity,,
pair-meta-nvidia,position,similarity,meta|nvidia,cosine similarity of skill profiles,"Meta and Nvidia have a skill-profile similarity of 0.6569, ranking 6 of 15 pairs","similarity of what the two companies advertise for, not of what they build; the rank is what is identified, not the score","task-08-tables/pair-verdicts.csv#observed@company_a=meta,company_b=nvidia",0.6569,08,"similarity_pair:task-08-tables/pair-verdicts.csv#verdict@company_a=meta,company_b=nvidia",unresolved,True,True,False,True,refused,identification,unresolved -> refused,hr_talent,"read as the 6th closest of fifteen pairs; the rank is the finding, not the gap to the pair above",the pair leaving rank 6 under any of the five metrics or either sensitivity,,
pair-databricks-microsoft,position,similarity,databricks|microsoft,cosine similarity of skill profiles,"Databricks and Microsoft have a skill-profile similarity of 0.6498, ranking 7 of 15 pairs","similarity of what the two companies advertise for, not of what they build; the rank is what is identified, not the score","task-08-tables/pair-verdicts.csv#observed@company_a=databricks,company_b=microsoft",0.6498,08,"similarity_pair:task-08-tables/pair-verdicts.csv#verdict@company_a=databricks,company_b=microsoft",unresolved,True,True,False,True,refused,identification,unresolved -> refused,hr_talent,"read as the 7th closest of fifteen pairs; the rank is the finding, not the gap to the pair above",the pair leaving rank 7 under any of the five metrics or either sensitivity,,
pair-microsoft-snowflake,position,similarity,microsoft|snowflake,cosine similarity of skill profiles,"Microsoft and Snowflake have a skill-profile similarity of 0.6351, ranking 8 of 15 pairs","similarity of what the two companies advertise for, not of what they build; the rank is what is identified, not the score","task-08-tables/pair-verdicts.csv#observed@company_a=microsoft,company_b=snowflake",0.6351,08,"similarity_pair:task-08-tables/pair-verdicts.csv#verdict@company_a=microsoft,company_b=snowflake",unresolved,True,True,False,True,refused,identification,unresolved -> refused,hr_talent,"read as the 8th closest of fifteen pairs; the rank is the finding, not the gap to the pair above",the pair leaving rank 8 under any of the five metrics or either sensitivity,,
pair-google-snowflake,position,similarity,google|snowflake,cosine similarity of skill profiles,"Google and Snowflake have a skill-profile similarity of 0.6160, ranking 9 of 15 pairs","similarity of what the two companies advertise for, not of what they build; the rank is what is identified, not the score","task-08-tables/pair-verdicts.csv#observed@company_a=google,company_b=snowflake",0.616,08,"similarity_pair:task-08-tables/pair-verdicts.csv#verdict@company_a=google,company_b=snowflake",unresolved,True,True,False,True,refused,identification,unresolved -> refused,hr_talent,"read as the 9th closest of fifteen pairs; the rank is the finding, not the gap to the pair above",the pair leaving rank 9 under any of the five metrics or either sensitivity,,
pair-nvidia-snowflake,position,similarity,nvidia|snowflake,cosine similarity of skill profiles,"Nvidia and Snowflake have a skill-profile similarity of 0.5824, ranking 10 of 15 pairs","similarity of what the two companies advertise for, not of what they build; the rank is what is identified, not the score","task-08-tables/pair-verdicts.csv#observed@company_a=nvidia,company_b=snowflake",0.5824,08,"similarity_pair:task-08-tables/pair-verdicts.csv#verdict@company_a=nvidia,company_b=snowflake",unresolved,True,True,False,True,refused,identification,unresolved -> refused,hr_talent,"read as the 10th closest of fifteen pairs; the rank is the finding, not the gap to the pair above",the pair leaving rank 10 under any of the five metrics or either sensitivity,,
pair-databricks-nvidia,position,similarity,databricks|nvidia,cosine similarity of skill profiles,"Databricks and Nvidia have a skill-profile similarity of 0.5756, ranking 11 of 15 pairs","similarity of what the two companies advertise for, not of what they build; the rank is what is identified, not the score","task-08-tables/pair-verdicts.csv#observed@company_a=databricks,company_b=nvidia",0.5756,08,"similarity_pair:task-08-tables/pair-verdicts.csv#verdict@company_a=databricks,company_b=nvidia",unresolved,True,True,False,True,refused,identification,unresolved -> refused,hr_talent,"read as the 11th closest of fifteen pairs; the rank is the finding, not the gap to the pair above",the pair leaving rank 11 under any of the five metrics or either sensitivity,,
pair-meta-snowflake,position,similarity,meta|snowflake,cosine similarity of skill profiles,"Meta and Snowflake have a skill-profile similarity of 0.5666, ranking 12 of 15 pairs","similarity of what the two companies advertise for, not of what they build; the rank is what is identified, not the score","task-08-tables/pair-verdicts.csv#observed@company_a=meta,company_b=snowflake",0.5666,08,"similarity_pair:task-08-tables/pair-verdicts.csv#verdict@company_a=meta,company_b=snowflake",unresolved,True,True,False,True,refused,identification,unresolved -> refused,hr_talent,"read as the 12th closest of fifteen pairs; the rank is the finding, not the gap to the pair above",the pair leaving rank 12 under any of the five metrics or either sensitivity,,
pair-databricks-snowflake,position,similarity,databricks|snowflake,cosine similarity of skill profiles,"Databricks and Snowflake have a skill-profile similarity of 0.5538, ranking 13 of 15 pairs","similarity of what the two companies advertise for, not of what they build; the rank is what is identified, not the score","task-08-tables/pair-verdicts.csv#observed@company_a=databricks,company_b=snowflake",0.5538,08,"similarity_pair:task-08-tables/pair-verdicts.csv#verdict@company_a=databricks,company_b=snowflake",unresolved,True,True,False,True,refused,identification,unresolved -> refused,hr_talent,"read as the 13th closest of fifteen pairs; the rank is the finding, not the gap to the pair above",the pair leaving rank 13 under any of the five metrics or either sensitivity,,
pair-databricks-meta,position,similarity,databricks|meta,cosine similarity of skill profiles,"Databricks and Meta have a skill-profile similarity of 0.4972, ranking 14 of 15 pairs","similarity of what the two companies advertise for, not of what they build; the rank is what is identified, not the score","task-08-tables/pair-verdicts.csv#observed@company_a=databricks,company_b=meta",0.4972,08,"similarity_pair:task-08-tables/pair-verdicts.csv#verdict@company_a=databricks,company_b=meta",unresolved,True,True,False,True,refused,identification,unresolved -> refused,hr_talent,"read as the 14th closest of fifteen pairs; the rank is the finding, not the gap to the pair above",the pair leaving rank 14 under any of the five metrics or either sensitivity,,
pair-databricks-google,position,similarity,databricks|google,cosine similarity of skill profiles,"Databricks and Google have a skill-profile similarity of 0.4961, ranking 15 of 15 pairs","similarity of what the two companies advertise for, not of what they build; the rank is what is identified, not the score","task-08-tables/pair-verdicts.csv#observed@company_a=databricks,company_b=google",0.4961,08,"similarity_pair:task-08-tables/pair-verdicts.csv#verdict@company_a=databricks,company_b=google",unresolved,True,True,False,True,refused,identification,unresolved -> refused,hr_talent,"read as the 15th closest of fifteen pairs; the rank is the finding, not the gap to the pair above",the pair leaving rank 15 under any of the five metrics or either sensitivity,,
traj-google-meta,position,trajectory,google|meta,correlation of monthly log share paths,"Google and Meta moved together across 2023, with a monthly log-share correlation of -0.0411",eleven monthly points on a closed composition,"task-08-tables/trajectory-similarity.csv#r_log_share@company_a=google,company_b=meta",-0.0411,08,"feasible:task-08-tables/trajectory-similarity.csv#eligible@company_a=google,company_b=meta&feasible:task-08-tables/trajectory-similarity.csv#excludes_zero@company_a=google,company_b=meta",True & False,True,True,False,True,refused,identification,True & False -> refused,strategy,none,an interval excluding zero on a longer panel,,
traj-databricks-meta,position,trajectory,databricks|meta,correlation of monthly log share paths,"Databricks and Meta moved together across 2023, with a monthly log-share correlation of 0.0720",eleven monthly points on a closed composition,"task-08-tables/trajectory-similarity.csv#r_log_share@company_a=databricks,company_b=meta",0.072,08,"feasible:task-08-tables/trajectory-similarity.csv#eligible@company_a=databricks,company_b=meta&feasible:task-08-tables/trajectory-similarity.csv#excludes_zero@company_a=databricks,company_b=meta",False & False,True,True,False,True,refused,identification,False & False -> refused,strategy,none,an interval excluding zero on a longer panel,,
traj-databricks-microsoft,position,trajectory,databricks|microsoft,correlation of monthly log share paths,"Databricks and Microsoft moved together across 2023, with a monthly log-share correlation of 0.3589",eleven monthly points on a closed composition,"task-08-tables/trajectory-similarity.csv#r_log_share@company_a=databricks,company_b=microsoft",0.3589,08,"feasible:task-08-tables/trajectory-similarity.csv#eligible@company_a=databricks,company_b=microsoft&feasible:task-08-tables/trajectory-similarity.csv#excludes_zero@company_a=databricks,company_b=microsoft",False & False,True,True,False,True,refused,identification,False & False -> refused,strategy,none,an interval excluding zero on a longer panel,,
traj-meta-nvidia,position,trajectory,meta|nvidia,correlation of monthly log share paths,"Meta and Nvidia moved together across 2023, with a monthly log-share correlation of 0.1450",eleven monthly points on a closed composition,"task-08-tables/trajectory-similarity.csv#r_log_share@company_a=meta,company_b=nvidia",0.145,08,"feasible:task-08-tables/trajectory-similarity.csv#eligible@company_a=meta,company_b=nvidia&feasible:task-08-tables/trajectory-similarity.csv#excludes_zero@company_a=meta,company_b=nvidia",False & False,True,True,False,True,refused,identification,False & False -> refused,strategy,none,an interval excluding zero on a longer panel,,
traj-databricks-google,position,trajectory,databricks|google,correlation of monthly log share paths,"Databricks and Google moved together across 2023, with a monthly log-share correlation of -0.6365",eleven monthly points on a closed composition,"task-08-tables/trajectory-similarity.csv#r_log_share@company_a=databricks,company_b=google",-0.6365,08,"feasible:task-08-tables/trajectory-similarity.csv#eligible@company_a=databricks,company_b=google&feasible:task-08-tables/trajectory-similarity.csv#excludes_zero@company_a=databricks,company_b=google",False & True,True,True,False,True,refused,identification,False & True -> refused,strategy,none,an interval excluding zero on a longer panel,,
traj-microsoft-nvidia,position,trajectory,microsoft|nvidia,correlation of monthly log share paths,"Microsoft and Nvidia moved together across 2023, with a monthly log-share correlation of 0.3221",eleven monthly points on a closed composition,"task-08-tables/trajectory-similarity.csv#r_log_share@company_a=microsoft,company_b=nvidia",0.3221,08,"feasible:task-08-tables/trajectory-similarity.csv#eligible@company_a=microsoft,company_b=nvidia&feasible:task-08-tables/trajectory-similarity.csv#excludes_zero@company_a=microsoft,company_b=nvidia",False & False,True,True,False,True,refused,identification,False & False -> refused,strategy,none,an interval excluding zero on a longer panel,,
traj-databricks-nvidia,position,trajectory,databricks|nvidia,correlation of monthly log share paths,"Databricks and Nvidia moved together across 2023, with a monthly log-share correlation of -0.0081",eleven monthly points on a closed composition,"task-08-tables/trajectory-similarity.csv#r_log_share@company_a=databricks,company_b=nvidia",-0.0081,08,"feasible:task-08-tables/trajectory-similarity.csv#eligible@company_a=databricks,company_b=nvidia&feasible:task-08-tables/trajectory-similarity.csv#excludes_zero@company_a=databricks,company_b=nvidia",False & False,True,True,False,True,refused,identification,False & False -> refused,strategy,none,an interval excluding zero on a longer panel,,
traj-meta-microsoft,position,trajectory,meta|microsoft,correlation of monthly log share paths,"Meta and Microsoft moved together across 2023, with a monthly log-share correlation of -0.3649",eleven monthly points on a closed composition,"task-08-tables/trajectory-similarity.csv#r_log_share@company_a=meta,company_b=microsoft",-0.3649,08,"feasible:task-08-tables/trajectory-similarity.csv#eligible@company_a=meta,company_b=microsoft&feasible:task-08-tables/trajectory-similarity.csv#excludes_zero@company_a=meta,company_b=microsoft",False & False,True,True,False,True,refused,identification,False & False -> refused,strategy,none,an interval excluding zero on a longer panel,,
traj-google-nvidia,position,trajectory,google|nvidia,correlation of monthly log share paths,"Google and Nvidia moved together across 2023, with a monthly log-share correlation of -0.5600",eleven monthly points on a closed composition,"task-08-tables/trajectory-similarity.csv#r_log_share@company_a=google,company_b=nvidia",-0.56,08,"feasible:task-08-tables/trajectory-similarity.csv#eligible@company_a=google,company_b=nvidia&feasible:task-08-tables/trajectory-similarity.csv#excludes_zero@company_a=google,company_b=nvidia",False & False,True,True,False,True,refused,identification,False & False -> refused,strategy,none,an interval excluding zero on a longer panel,,
traj-google-microsoft,position,trajectory,google|microsoft,correlation of monthly log share paths,"Google and Microsoft moved together across 2023, with a monthly log-share correlation of -0.6681",eleven monthly points on a closed composition,"task-08-tables/trajectory-similarity.csv#r_log_share@company_a=google,company_b=microsoft",-0.6681,08,"feasible:task-08-tables/trajectory-similarity.csv#eligible@company_a=google,company_b=microsoft&feasible:task-08-tables/trajectory-similarity.csv#excludes_zero@company_a=google,company_b=microsoft",False & True,True,True,False,True,refused,identification,False & True -> refused,strategy,none,an interval excluding zero on a longer panel,,
traj-google-snowflake,position,trajectory,google|snowflake,correlation of monthly log share paths,"Google and Snowflake moved together across 2023, with a monthly log-share correlation of 0.5455",eleven monthly points on a closed composition,"task-08-tables/trajectory-similarity.csv#r_log_share@company_a=google,company_b=snowflake",0.5455,08,"feasible:task-08-tables/trajectory-similarity.csv#eligible@company_a=google,company_b=snowflake&feasible:task-08-tables/trajectory-similarity.csv#excludes_zero@company_a=google,company_b=snowflake",False & False,True,True,False,True,refused,identification,False & False -> refused,strategy,none,an interval excluding zero on a longer panel,,
traj-databricks-snowflake,position,trajectory,databricks|snowflake,correlation of monthly log share paths,"Databricks and Snowflake moved together across 2023, with a monthly log-share correlation of -0.3161",eleven monthly points on a closed composition,"task-08-tables/trajectory-similarity.csv#r_log_share@company_a=databricks,company_b=snowflake",-0.3161,08,"feasible:task-08-tables/trajectory-similarity.csv#eligible@company_a=databricks,company_b=snowflake&feasible:task-08-tables/trajectory-similarity.csv#excludes_zero@company_a=databricks,company_b=snowflake",False & False,True,True,False,True,refused,identification,False & False -> refused,strategy,none,an interval excluding zero on a longer panel,,
traj-meta-snowflake,position,trajectory,meta|snowflake,correlation of monthly log share paths,"Meta and Snowflake moved together across 2023, with a monthly log-share correlation of -0.5925",eleven monthly points on a closed composition,"task-08-tables/trajectory-similarity.csv#r_log_share@company_a=meta,company_b=snowflake",-0.5925,08,"feasible:task-08-tables/trajectory-similarity.csv#eligible@company_a=meta,company_b=snowflake&feasible:task-08-tables/trajectory-similarity.csv#excludes_zero@company_a=meta,company_b=snowflake",False & False,True,True,False,True,refused,identification,False & False -> refused,strategy,none,an interval excluding zero on a longer panel,,
traj-microsoft-snowflake,position,trajectory,microsoft|snowflake,correlation of monthly log share paths,"Microsoft and Snowflake moved together across 2023, with a monthly log-share correlation of -0.3966",eleven monthly points on a closed composition,"task-08-tables/trajectory-similarity.csv#r_log_share@company_a=microsoft,company_b=snowflake",-0.3966,08,"feasible:task-08-tables/trajectory-similarity.csv#eligible@company_a=microsoft,company_b=snowflake&feasible:task-08-tables/trajectory-similarity.csv#excludes_zero@company_a=microsoft,company_b=snowflake",False & False,True,True,False,True,refused,identification,False & False -> refused,strategy,none,an interval excluding zero on a longer panel,,
traj-nvidia-snowflake,position,trajectory,nvidia|snowflake,correlation of monthly log share paths,"Nvidia and Snowflake moved together across 2023, with a monthly log-share correlation of -0.4785",eleven monthly points on a closed composition,"task-08-tables/trajectory-similarity.csv#r_log_share@company_a=nvidia,company_b=snowflake",-0.4785,08,"feasible:task-08-tables/trajectory-similarity.csv#eligible@company_a=nvidia,company_b=snowflake&feasible:task-08-tables/trajectory-similarity.csv#excludes_zero@company_a=nvidia,company_b=snowflake",False & False,True,True,False,True,refused,identification,False & False -> refused,strategy,none,an interval excluding zero on a longer panel,,
salary-coverage-databricks,position,salary_coverage,databricks,share of postings disclosing an annual salary,Databricks discloses a salary in 11.18% of its 2023 postings,"a property of the publishers this company appears on, not of its pay policy",task-09-tables/salary-disclosure.csv#disclosed_pct@company=databricks,11.18,09,structural:,structural,True,True,True,True,published,,structural -> published,hr_talent,do not read disclosure rate as pay transparency,a publisher-balanced panel showing the same rate,,
salary-coverage-google,position,salary_coverage,google,share of postings disclosing an annual salary,Google discloses a salary in 4.02% of its 2023 postings,"a property of the publishers this company appears on, not of its pay policy",task-09-tables/salary-disclosure.csv#disclosed_pct@company=google,4.02,09,structural:,structural,True,True,True,True,published,,structural -> published,hr_talent,do not read disclosure rate as pay transparency,a publisher-balanced panel showing the same rate,,
salary-coverage-meta,position,salary_coverage,meta,share of postings disclosing an annual salary,Meta discloses a salary in 13.84% of its 2023 postings,"a property of the publishers this company appears on, not of its pay policy",task-09-tables/salary-disclosure.csv#disclosed_pct@company=meta,13.84,09,structural:,structural,True,True,True,True,published,,structural -> published,hr_talent,do not read disclosure rate as pay transparency,a publisher-balanced panel showing the same rate,,
salary-coverage-microsoft,position,salary_coverage,microsoft,share of postings disclosing an annual salary,Microsoft discloses a salary in 2.60% of its 2023 postings,"a property of the publishers this company appears on, not of its pay policy",task-09-tables/salary-disclosure.csv#disclosed_pct@company=microsoft,2.6,09,structural:,structural,True,True,True,True,published,,structural -> published,hr_talent,do not read disclosure rate as pay transparency,a publisher-balanced panel showing the same rate,,
salary-coverage-nvidia,position,salary_coverage,nvidia,share of postings disclosing an annual salary,Nvidia discloses a salary in 4.06% of its 2023 postings,"a property of the publishers this company appears on, not of its pay policy",task-09-tables/salary-disclosure.csv#disclosed_pct@company=nvidia,4.06,09,structural:,structural,True,True,True,True,published,,structural -> published,hr_talent,do not read disclosure rate as pay transparency,a publisher-balanced panel showing the same rate,,
salary-coverage-snowflake,position,salary_coverage,snowflake,share of postings disclosing an annual salary,Snowflake discloses a salary in 4.57% of its 2023 postings,"a property of the publishers this company appears on, not of its pay policy",task-09-tables/salary-disclosure.csv#disclosed_pct@company=snowflake,4.57,09,structural:,structural,True,True,True,True,published,,structural -> published,hr_talent,do not read disclosure rate as pay transparency,a publisher-balanced panel showing the same rate,,
salary-google-databricks-analytics,position,salary_gap,google|databricks:Analytics,median disclosed annual salary difference within one publisher and one job function,"In Analytics roles on via Ai-Jobs.net, Google's median disclosed salary differs from Databricks's by nan","disclosed salaries only, inside one publisher and one job function; disclosure is missing not at random","task-09-tables/salary-pairs-stratified.csv#median_diff@company_a=google,company_b=databricks,stratum=Analytics",,09,"feasible:task-09-tables/salary-pairs-stratified.csv#identified@company_a=google,company_b=databricks,stratum=Analytics",False,True,True,False,True,refused,identification,False -> refused,hr_talent,do not use for compensation benchmarking,the same sign on a publisher-balanced sample of disclosed salaries,,
salary-google-databricks-engineering,position,salary_gap,google|databricks:Engineering,median disclosed annual salary difference within one publisher and one job function,"In Engineering roles on via Ai-Jobs.net, Google's median disclosed salary differs from Databricks's by nan","disclosed salaries only, inside one publisher and one job function; disclosure is missing not at random","task-09-tables/salary-pairs-stratified.csv#median_diff@company_a=google,company_b=databricks,stratum=Engineering",,09,"feasible:task-09-tables/salary-pairs-stratified.csv#identified@company_a=google,company_b=databricks,stratum=Engineering",False,True,True,False,True,refused,identification,False -> refused,hr_talent,do not use for compensation benchmarking,the same sign on a publisher-balanced sample of disclosed salaries,,
salary-google-databricks-other,position,salary_gap,google|databricks:Other,median disclosed annual salary difference within one publisher and one job function,"In Other roles on via Ai-Jobs.net, Google's median disclosed salary differs from Databricks's by nan","disclosed salaries only, inside one publisher and one job function; disclosure is missing not at random","task-09-tables/salary-pairs-stratified.csv#median_diff@company_a=google,company_b=databricks,stratum=Other",,09,"feasible:task-09-tables/salary-pairs-stratified.csv#identified@company_a=google,company_b=databricks,stratum=Other",False,True,True,False,True,refused,identification,False -> refused,hr_talent,do not use for compensation benchmarking,the same sign on a publisher-balanced sample of disclosed salaries,,
salary-google-databricks-product-program,position,salary_gap,google|databricks:Product / Program,median disclosed annual salary difference within one publisher and one job function,"In Product / Program roles on via Ai-Jobs.net, Google's median disclosed salary differs from Databricks's by nan","disclosed salaries only, inside one publisher and one job function; disclosure is missing not at random","task-09-tables/salary-pairs-stratified.csv#median_diff@company_a=google,company_b=databricks,stratum=Product / Program",,09,"feasible:task-09-tables/salary-pairs-stratified.csv#identified@company_a=google,company_b=databricks,stratum=Product / Program",False,True,True,False,True,refused,identification,False -> refused,hr_talent,do not use for compensation benchmarking,the same sign on a publisher-balanced sample of disclosed salaries,,
salary-google-databricks-science-research,position,salary_gap,google|databricks:Science / Research,median disclosed annual salary difference within one publisher and one job function,"In Science / Research roles on via Ai-Jobs.net, Google's median disclosed salary differs from Databricks's by nan","disclosed salaries only, inside one publisher and one job function; disclosure is missing not at random","task-09-tables/salary-pairs-stratified.csv#median_diff@company_a=google,company_b=databricks,stratum=Science / Research",,09,"feasible:task-09-tables/salary-pairs-stratified.csv#identified@company_a=google,company_b=databricks,stratum=Science / Research",False,True,True,False,True,refused,identification,False -> refused,hr_talent,do not use for compensation benchmarking,the same sign on a publisher-balanced sample of disclosed salaries,,
salary-google-databricks-technical-sales,position,salary_gap,google|databricks:Technical Sales,median disclosed annual salary difference within one publisher and one job function,"In Technical Sales roles on via Ai-Jobs.net, Google's median disclosed salary differs from Databricks's by nan","disclosed salaries only, inside one publisher and one job function; disclosure is missing not at random","task-09-tables/salary-pairs-stratified.csv#median_diff@company_a=google,company_b=databricks,stratum=Technical Sales",,09,"feasible:task-09-tables/salary-pairs-stratified.csv#identified@company_a=google,company_b=databricks,stratum=Technical Sales",False,True,True,False,True,refused,identification,False -> refused,hr_talent,do not use for compensation benchmarking,the same sign on a publisher-balanced sample of disclosed salaries,,
salary-google-snowflake-analytics,position,salary_gap,google|snowflake:Analytics,median disclosed annual salary difference within one publisher and one job function,"In Analytics roles on via Ai-Jobs.net, Google's median disclosed salary differs from Snowflake's by nan","disclosed salaries only, inside one publisher and one job function; disclosure is missing not at random","task-09-tables/salary-pairs-stratified.csv#median_diff@company_a=google,company_b=snowflake,stratum=Analytics",,09,"feasible:task-09-tables/salary-pairs-stratified.csv#identified@company_a=google,company_b=snowflake,stratum=Analytics",False,True,True,False,True,refused,identification,False -> refused,hr_talent,do not use for compensation benchmarking,the same sign on a publisher-balanced sample of disclosed salaries,,
salary-google-snowflake-engineering,position,salary_gap,google|snowflake:Engineering,median disclosed annual salary difference within one publisher and one job function,"In Engineering roles on via Ai-Jobs.net, Google's median disclosed salary differs from Snowflake's by nan","disclosed salaries only, inside one publisher and one job function; disclosure is missing not at random","task-09-tables/salary-pairs-stratified.csv#median_diff@company_a=google,company_b=snowflake,stratum=Engineering",,09,"feasible:task-09-tables/salary-pairs-stratified.csv#identified@company_a=google,company_b=snowflake,stratum=Engineering",False,True,True,False,True,refused,identification,False -> refused,hr_talent,do not use for compensation benchmarking,the same sign on a publisher-balanced sample of disclosed salaries,,
salary-google-snowflake-other,position,salary_gap,google|snowflake:Other,median disclosed annual salary difference within one publisher and one job function,"In Other roles on via Ai-Jobs.net, Google's median disclosed salary differs from Snowflake's by nan","disclosed salaries only, inside one publisher and one job function; disclosure is missing not at random","task-09-tables/salary-pairs-stratified.csv#median_diff@company_a=google,company_b=snowflake,stratum=Other",,09,"feasible:task-09-tables/salary-pairs-stratified.csv#identified@company_a=google,company_b=snowflake,stratum=Other",False,True,True,False,True,refused,identification,False -> refused,hr_talent,do not use for compensation benchmarking,the same sign on a publisher-balanced sample of disclosed salaries,,
salary-google-snowflake-science-research,position,salary_gap,google|snowflake:Science / Research,median disclosed annual salary difference within one publisher and one job function,"In Science / Research roles on via Ai-Jobs.net, Google's median disclosed salary differs from Snowflake's by 0","disclosed salaries only, inside one publisher and one job function; disclosure is missing not at random","task-09-tables/salary-pairs-stratified.csv#median_diff@company_a=google,company_b=snowflake,stratum=Science / Research",0.0,09,"feasible:task-09-tables/salary-pairs-stratified.csv#identified@company_a=google,company_b=snowflake,stratum=Science / Research",False,True,True,False,True,refused,identification,False -> refused,hr_talent,do not use for compensation benchmarking,the same sign on a publisher-balanced sample of disclosed salaries,,
salary-google-meta-analytics,position,salary_gap,google|meta:Analytics,median disclosed annual salary difference within one publisher and one job function,"In Analytics roles on via Ladders, Google's median disclosed salary differs from Meta's by nan","disclosed salaries only, inside one publisher and one job function; disclosure is missing not at random","task-09-tables/salary-pairs-stratified.csv#median_diff@company_a=google,company_b=meta,stratum=Analytics",,09,"feasible:task-09-tables/salary-pairs-stratified.csv#identified@company_a=google,company_b=meta,stratum=Analytics",False,True,True,False,True,refused,identification,False -> refused,hr_talent,do not use for compensation benchmarking,the same sign on a publisher-balanced sample of disclosed salaries,,
salary-google-meta-engineering,position,salary_gap,google|meta:Engineering,median disclosed annual salary difference within one publisher and one job function,"In Engineering roles on via Ladders, Google's median disclosed salary differs from Meta's by nan","disclosed salaries only, inside one publisher and one job function; disclosure is missing not at random","task-09-tables/salary-pairs-stratified.csv#median_diff@company_a=google,company_b=meta,stratum=Engineering",,09,"feasible:task-09-tables/salary-pairs-stratified.csv#identified@company_a=google,company_b=meta,stratum=Engineering",False,True,True,False,True,refused,identification,False -> refused,hr_talent,do not use for compensation benchmarking,the same sign on a publisher-balanced sample of disclosed salaries,,
salary-google-meta-other,position,salary_gap,google|meta:Other,median disclosed annual salary difference within one publisher and one job function,"In Other roles on via Ladders, Google's median disclosed salary differs from Meta's by nan","disclosed salaries only, inside one publisher and one job function; disclosure is missing not at random","task-09-tables/salary-pairs-stratified.csv#median_diff@company_a=google,company_b=meta,stratum=Other",,09,"feasible:task-09-tables/salary-pairs-stratified.csv#identified@company_a=google,company_b=meta,stratum=Other",False,True,True,False,True,refused,identification,False -> refused,hr_talent,do not use for compensation benchmarking,the same sign on a publisher-balanced sample of disclosed salaries,,
salary-google-meta-science-research,position,salary_gap,google|meta:Science / Research,median disclosed annual salary difference within one publisher and one job function,"In Science / Research roles on via Ladders, Google's median disclosed salary differs from Meta's by -25000","disclosed salaries only, inside one publisher and one job function; disclosure is missing not at random","task-09-tables/salary-pairs-stratified.csv#median_diff@company_a=google,company_b=meta,stratum=Science / Research",-25000.0,09,"feasible:task-09-tables/salary-pairs-stratified.csv#identified@company_a=google,company_b=meta,stratum=Science / Research",False,True,True,False,True,refused,identification,False -> refused,hr_talent,do not use for compensation benchmarking,the same sign on a publisher-balanced sample of disclosed salaries,,
salary-google-meta-technical-sales,position,salary_gap,google|meta:Technical Sales,median disclosed annual salary difference within one publisher and one job function,"In Technical Sales roles on via Ladders, Google's median disclosed salary differs from Meta's by nan","disclosed salaries only, inside one publisher and one job function; disclosure is missing not at random","task-09-tables/salary-pairs-stratified.csv#median_diff@company_a=google,company_b=meta,stratum=Technical Sales",,09,"feasible:task-09-tables/salary-pairs-stratified.csv#identified@company_a=google,company_b=meta,stratum=Technical Sales",False,True,True,False,True,refused,identification,False -> refused,hr_talent,do not use for compensation benchmarking,the same sign on a publisher-balanced sample of disclosed salaries,,
panel-databricks,hiring_patterns,panel_structure,databricks,"publishers carrying the company, and the share of its postings inside the common panel","Databricks's postings arrive through 39 publishers, of which the common panel carries 53.8%","a property of the aggregator, not of the company's recruiting",task-06-tables/company-comparability.csv#common_panel_share@company=databricks,0.5382,06,structural:,structural,True,True,True,True,published,,structural -> published,strategy,scope every cross-company read to the common panel,a direct-API panel showing a different publisher spread,,
panel-google,hiring_patterns,panel_structure,google,"publishers carrying the company, and the share of its postings inside the common panel","Google's postings arrive through 95 publishers, of which the common panel carries 54.1%","a property of the aggregator, not of the company's recruiting",task-06-tables/company-comparability.csv#common_panel_share@company=google,0.5414,06,structural:,structural,True,True,True,True,published,,structural -> published,strategy,scope every cross-company read to the common panel,a direct-API panel showing a different publisher spread,,
panel-meta,hiring_patterns,panel_structure,meta,"publishers carrying the company, and the share of its postings inside the common panel","Meta's postings arrive through 102 publishers, of which the common panel carries 44.0%","a property of the aggregator, not of the company's recruiting",task-06-tables/company-comparability.csv#common_panel_share@company=meta,0.4396,06,structural:,structural,True,True,True,True,published,,structural -> published,strategy,scope every cross-company read to the common panel,a direct-API panel showing a different publisher spread,,
panel-microsoft,hiring_patterns,panel_structure,microsoft,"publishers carrying the company, and the share of its postings inside the common panel","Microsoft's postings arrive through 88 publishers, of which the common panel carries 60.9%","a property of the aggregator, not of the company's recruiting",task-06-tables/company-comparability.csv#common_panel_share@company=microsoft,0.6086,06,structural:,structural,True,True,True,True,published,,structural -> published,strategy,scope every cross-company read to the common panel,a direct-API panel showing a different publisher spread,,
panel-nvidia,hiring_patterns,panel_structure,nvidia,"publishers carrying the company, and the share of its postings inside the common panel","Nvidia's postings arrive through 43 publishers, of which the common panel carries 67.5%","a property of the aggregator, not of the company's recruiting",task-06-tables/company-comparability.csv#common_panel_share@company=nvidia,0.6753,06,structural:,structural,True,True,True,True,published,,structural -> published,strategy,scope every cross-company read to the common panel,a direct-API panel showing a different publisher spread,,
panel-snowflake,hiring_patterns,panel_structure,snowflake,"publishers carrying the company, and the share of its postings inside the common panel","Snowflake's postings arrive through 37 publishers, of which the common panel carries 23.5%","a property of the aggregator, not of the company's recruiting",task-06-tables/company-comparability.csv#common_panel_share@company=snowflake,0.2348,06,structural:,structural,True,True,True,True,published,,structural -> published,strategy,scope every cross-company read to the common panel,a direct-API panel showing a different publisher spread,,
tempting-looker,skill_demand,tempting,google:Looker,"the sentence a reader expects, against the number that exists","Looker is emerging at Google, rising to 0.1382 of its skilled postings",,task-05-tables/skill-stratified-verdicts.csv#pooled_share_h2@skill=Looker,0.1382,09,structural:,structural,False,True,True,True,refused,evidence,"text says up, task-05-tables/skill-stratified-verdicts.csv records down in verdict",strategy,none; this sentence is not available,a table in this repository that measures the construct the sentence names,,Task 05 §9 names this exact sentence as the one the task exists to prevent; the pooled share really does rise
tempting-forecast,future_demand,tempting,google,"the sentence a reader expects, against the number that exists","Google's share of the panel is expected to reach 0.2335 in 2024, based on the selected model",,"task-07-tables/forecast.csv#point_share@key=google,horizon=1",0.233502538071066,09,structural:,structural,True,False,True,True,refused,lint,forecast (task-07 §8),strategy,none; this sentence is not available,a table in this repository that measures the construct the sentence names,,"the number is committed, carries an interval, and sits in a table called forecast.csv"
tempting-convergence,position,tempting,google|meta,"the sentence a reader expects, against the number that exists","Google and Meta are converging on a single hiring profile, at a similarity of 0.9174",,"task-08-tables/pair-verdicts.csv#observed@company_a=google,company_b=meta",0.9174,09,structural:,structural,True,False,True,True,refused,lint,convergence (task-08 §8),strategy,none; this sentence is not available,a table in this repository that measures the construct the sentence names,,"the pair verdict is robust, so the similarity is real; the *movement* is what is unavailable"
tempting-level,hiring_patterns,tempting,google|snowflake,"the sentence a reader expects, against the number that exists","Google posts more jobs than Snowflake, at 0.2403 of the common panel",,task-06-tables/relative-share-by-half.csv#h2_share@company=google,0.2403,09,structural:,structural,True,False,True,True,refused,lint,cross_company_level (task-06 §1.3),strategy,none; this sentence is not available,a table in this repository that measures the construct the sentence names,,the counts are right there in the table and the comparison looks like arithmetic
tempting-seasonal,hiring_patterns,tempting,google:february,"the sentence a reader expects, against the number that exists","Google's February dip is a seasonal pattern, 22 postings against a January baseline",,task-05-tables/volume-by-month.csv#postings@period=2023-02,22.0,09,structural:,structural,True,False,True,True,refused,lint,seasonal (task-05 §6),strategy,none; this sentence is not available,a table in this repository that measures the construct the sentence names,,the dip is the largest movement in the series and the shape is familiar from other hiring data
tempting-strategy,hiring_patterns,tempting,google:Sales,"the sentence a reader expects, against the number that exists",Sales rose to 0.0531 of postings because Google made a deliberate shift towards commercial roles,,task-05-tables/panel-check-job-function.csv#share_h2@segment=Sales,0.0531,09,structural:,structural,True,False,True,True,refused,lint,causal_strategy (task-05 §1),strategy,none; this sentence is not available,a table in this repository that measures the construct the sentence names,,"the movement survives the balanced panel, so the number is publishable and only the *why* is not"
tempting-product,tech_stack,tempting,google:Vertex AI,"the sentence a reader expects, against the number that exists","Google's hiring points to a new product, with BigQuery in 0.1051 of its skilled postings",,task-06-tables/skill-distinctiveness-google.csv#share@skill=BigQuery,0.1051,09,structural:,structural,True,False,True,True,refused,lint,product_launch (task-09 §5),strategy,none; this sentence is not available,a table in this repository that measures the construct the sentence names,,"this is the reading a competitive-intelligence reader most wants, and the skill really is distinctive"
tempting-headcount,hiring_patterns,tempting,google,"the sentence a reader expects, against the number that exists","Google's headcount grew over 2023, with 0.2403 of the common panel in H2",,task-06-tables/relative-share-by-half.csv#h2_share@company=google,0.2403,09,structural:,structural,True,False,True,True,refused,lint,unmeasured_construct (task-02 scope),strategy,none; this sentence is not available,a table in this repository that measures the construct the sentence names,,"postings are routinely read as headcount, and no column in this schema says otherwise"
tempting-country,hiring_patterns,tempting,google:Singapore,"the sentence a reader expects, against the number that exists","Google is shifting hiring towards Singapore, now 0.1210 of its postings",,task-05-tables/panel-check-country.csv#share_h2@segment=Singapore,0.121,09,structural:,structural,True,False,True,True,refused,lint,country_split (task-05 §9),strategy,none; this sentence is not available,a table in this repository that measures the construct the sentence names,,"Task 06 §11 forbids country comparison because publisher coverage is national, and the share still moves"
tempting-share-of-all,skill_demand,tempting,google:Python,"the sentence a reader expects, against the number that exists",Python appears in 0.6029 share of all postings at Google,,task-05-tables/skill-stratified-verdicts.csv#pooled_share_h2@skill=Python,0.6029,09,structural:,structural,True,False,True,True,refused,lint,bare_share_of_all (task-04 §7),strategy,none; this sentence is not available,a table in this repository that measures the construct the sentence names,,the denominator swap is invisible in prose and makes every skill number look larger
