claim_id,question,family,subject,text,blocked_by,reason,what_would_lift_it
vol-databricks,hiring_patterns,volume,databricks,"Databricks's 2023 posting volume reads as unresolved, and the four panel treatments spread 128.10 index points around it",identification,False -> refused,"more months, more publishers, or a stratum with enough support to settle the upstream verdict"
vol-google,hiring_patterns,volume,google,"Google's 2023 posting volume reads as growth, and the four panel treatments spread 99.05 index points around it",identification,False -> refused,"more months, more publishers, or a stratum with enough support to settle the upstream verdict"
vol-microsoft,hiring_patterns,volume,microsoft,"Microsoft's 2023 posting volume reads as growth, and the four panel treatments spread 80.93 index points around it",identification,False -> refused,"more months, more publishers, or a stratum with enough support to settle the upstream verdict"
vol-nvidia,hiring_patterns,volume,nvidia,"Nvidia's 2023 posting volume reads as decline, and the four panel treatments spread 27.38 index points around it",identification,False -> refused,"more months, more publishers, or a stratum with enough support to settle the upstream verdict"
mix-analytics,hiring_patterns,segment_mix,google:Analytics,"Analytics moved from 16.2% to 20.0% of Google's postings between H1 and H2 2023, a change of 0.0378 in share",identification,False -> refused,"more months, more publishers, or a stratum with enough support to settle the upstream verdict"
mix-other,hiring_patterns,segment_mix,google:Other,"Other moved from 2.9% to 1.9% of Google's postings between H1 and H2 2023, a change of -0.0101 in share",identification,False -> refused,"more months, more publishers, or a stratum with enough support to settle the upstream verdict"
mix-engineering,hiring_patterns,segment_mix,google:Engineering,"Engineering moved from 28.6% to 26.1% of Google's postings between H1 and H2 2023, a change of -0.0254 in share",identification,False -> refused,"more months, more publishers, or a stratum with enough support to settle the upstream verdict"
skilltrend-python,skill_demand,skill_trend,google:Python,"Demand for Python at Google is moving inside job function, 0.6437 to 0.6029 of skilled postings across 4 segments",identification,mix_dependent -> refused,"more months, more publishers, or a stratum with enough support to settle the upstream verdict"
skilltrend-bigquery,skill_demand,skill_trend,google:BigQuery,"Demand for BigQuery at Google is moving inside job function, 0.0843 to 0.1176 of skilled postings across 4 segments",identification,mix_dependent -> refused,"more months, more publishers, or a stratum with enough support to settle the upstream verdict"
skilltrend-linux,skill_demand,skill_trend,google:Linux,"Demand for Linux at Google is moving inside job function, 0.1073 to 0.0765 of skilled postings across 2 segments",identification,mix_dependent -> refused,"more months, more publishers, or a stratum with enough support to settle the upstream verdict"
skilltrend-c-plus-plus,skill_demand,skill_trend,google:C++,"Demand for C++ at Google is moving inside job function, 0.1839 to 0.1618 of skilled postings across 3 segments",identification,mix_dependent -> refused,"more months, more publishers, or a stratum with enough support to settle the upstream verdict"
skilltrend-tensorflow,skill_demand,skill_trend,google:TensorFlow,"Demand for TensorFlow at Google is moving inside job function, 0.1303 to 0.1088 of skilled postings across 2 segments",identification,mix_dependent -> refused,"more months, more publishers, or a stratum with enough support to settle the upstream verdict"
skilltrend-tableau,skill_demand,skill_trend,google:Tableau,"Demand for Tableau at Google is moving inside job function, 0.0460 to 0.0529 of skilled postings across 2 segments",identification,mix_dependent -> refused,"more months, more publishers, or a stratum with enough support to settle the upstream verdict"
skilltrend-matlab,skill_demand,skill_trend,google:MATLAB,"Demand for MATLAB at Google is moving inside job function, 0.0498 to 0.0500 of skilled postings across 2 segments",identification,mix_dependent -> refused,"more months, more publishers, or a stratum with enough support to settle the upstream verdict"
skilltrend-hadoop,skill_demand,skill_trend,google:Hadoop,"Demand for Hadoop at Google is moving inside job function, 0.1379 to 0.0647 of skilled postings across 1 segments",identification,insufficient_support -> refused,"more months, more publishers, or a stratum with enough support to settle the upstream verdict"
skilltrend-nosql,skill_demand,skill_trend,google:NoSQL,"Demand for NoSQL at Google is moving inside job function, 0.1073 to 0.0559 of skilled postings across 1 segments",identification,insufficient_support -> refused,"more months, more publishers, or a stratum with enough support to settle the upstream verdict"
skilltrend-c,skill_demand,skill_trend,google:C,"Demand for C at Google is moving inside job function, 0.0421 to 0.0735 of skilled postings across 1 segments",identification,insufficient_support -> refused,"more months, more publishers, or a stratum with enough support to settle the upstream verdict"
skilltrend-perl,skill_demand,skill_trend,google:Perl,"Demand for Perl at Google is moving inside job function, 0.0115 to 0.0412 of skilled postings across 1 segments",identification,insufficient_support -> refused,"more months, more publishers, or a stratum with enough support to settle the upstream verdict"
skilltrend-gcp,skill_demand,skill_trend,google:GCP,"Demand for GCP at Google is moving inside job function, 0.0268 to 0.0529 of skilled postings across 1 segments",identification,insufficient_support -> refused,"more months, more publishers, or a stratum with enough support to settle the upstream verdict"
skilltrend-pytorch,skill_demand,skill_trend,google:PyTorch,"Demand for PyTorch at Google is moving inside job function, 0.0153 to 0.0412 of skilled postings across 1 segments",identification,insufficient_support -> refused,"more months, more publishers, or a stratum with enough support to settle the upstream verdict"
skilltrend-sap,skill_demand,skill_trend,google:SAP,"Demand for SAP at Google is moving inside job function, 0.0460 to 0.0206 of skilled postings across 1 segments",identification,insufficient_support -> refused,"more months, more publishers, or a stratum with enough support to settle the upstream verdict"
skilltrend-oracle,skill_demand,skill_trend,google:Oracle,"Demand for Oracle at Google is moving inside job function, 0.0460 to 0.0235 of skilled postings across 1 segments",identification,insufficient_support -> refused,"more months, more publishers, or a stratum with enough support to settle the upstream verdict"
skilltrend-mongodb,skill_demand,skill_trend,google:MongoDB,"Demand for MongoDB at Google is moving inside job function, 0.0460 to 0.0265 of skilled postings across 1 segments",identification,insufficient_support -> refused,"more months, more publishers, or a stratum with enough support to settle the upstream verdict"
skilltrend-sas,skill_demand,skill_trend,google:SAS,"Demand for SAS at Google is moving inside job function, 0.0651 to 0.0500 of skilled postings across 1 segments",identification,insufficient_support -> refused,"more months, more publishers, or a stratum with enough support to settle the upstream verdict"
skilltrend-shell,skill_demand,skill_trend,google:Shell,"Demand for Shell at Google is moving inside job function, 0.0153 to 0.0294 of skilled postings across 1 segments",identification,insufficient_support -> refused,"more months, more publishers, or a stratum with enough support to settle the upstream verdict"
skilltrend-pandas,skill_demand,skill_trend,google:pandas,"Demand for pandas at Google is moving inside job function, 0.0230 to 0.0324 of skilled postings across 1 segments",identification,insufficient_support -> refused,"more months, more publishers, or a stratum with enough support to settle the upstream verdict"
skilltrend-spark,skill_demand,skill_trend,google:Spark,"Demand for Spark at Google is moving inside job function, 0.0651 to 0.0559 of skilled postings across 1 segments",identification,insufficient_support -> refused,"more months, more publishers, or a stratum with enough support to settle the upstream verdict"
skilltrend-c-sharp,skill_demand,skill_trend,google:C#,"Demand for C# at Google is moving inside job function, 0.0268 to 0.0206 of skilled postings across 1 segments",identification,insufficient_support -> refused,"more months, more publishers, or a stratum with enough support to settle the upstream verdict"
skillgap-r-google-databricks,tech_stack,skill_gap,google|databricks:R,"Google asks for R in a larger share of its skilled postings than Databricks does, by 0.2093 pooled, holding in 3 of 5 job functions",identification,mixed -> refused,"more months, more publishers, or a stratum with enough support to settle the upstream verdict"
skillgap-javascript-google-databricks,tech_stack,skill_gap,google|databricks:JavaScript,"Google asks for JavaScript in a larger share of its skilled postings than Databricks does, by 0.1129 pooled, holding in 4 of 5 job functions",identification,mixed -> refused,"more months, more publishers, or a stratum with enough support to settle the upstream verdict"
skillgap-bigquery-google-databricks,tech_stack,skill_gap,google|databricks:BigQuery,"Google asks for BigQuery in a larger share of its skilled postings than Databricks does, by 0.1060 pooled, holding in 4 of 5 job functions",identification,mixed -> refused,"more months, more publishers, or a stratum with enough support to settle the upstream verdict"
skillgap-tensorflow-google-databricks,tech_stack,skill_gap,google|databricks:TensorFlow,"Google asks for TensorFlow in a larger share of its skilled postings than Databricks does, by 0.1006 pooled, holding in 4 of 5 job functions",identification,mixed -> refused,"more months, more publishers, or a stratum with enough support to settle the upstream verdict"
skillgap-c-plus-plus-google-databricks,tech_stack,skill_gap,google|databricks:C++,"Google asks for C++ in a larger share of its skilled postings than Databricks does, by 0.0705 pooled, holding in 4 of 5 job functions",identification,mixed -> refused,"more months, more publishers, or a stratum with enough support to settle the upstream verdict"
skillgap-linux-google-databricks,tech_stack,skill_gap,google|databricks:Linux,"Google asks for Linux in a larger share of its skilled postings than Databricks does, by 0.0630 pooled, holding in 3 of 5 job functions",identification,mixed -> refused,"more months, more publishers, or a stratum with enough support to settle the upstream verdict"
skillgap-c-google-databricks,tech_stack,skill_gap,google|databricks:C,"Google asks for C in a larger share of its skilled postings than Databricks does, by 0.0586 pooled, holding in 3 of 5 job functions",identification,mixed -> refused,"more months, more publishers, or a stratum with enough support to settle the upstream verdict"
skillgap-sas-google-databricks,tech_stack,skill_gap,google|databricks:SAS,"Google asks for SAS in a larger share of its skilled postings than Databricks does, by 0.0581 pooled, holding in 3 of 5 job functions",identification,mixed -> refused,"more months, more publishers, or a stratum with enough support to settle the upstream verdict"
skillgap-nosql-google-databricks,tech_stack,skill_gap,google|databricks:NoSQL,"Google asks for NoSQL in a larger share of its skilled postings than Databricks does, by 0.0566 pooled, holding in 3 of 5 job functions",identification,mixed -> refused,"more months, more publishers, or a stratum with enough support to settle the upstream verdict"
skillgap-matlab-google-databricks,tech_stack,skill_gap,google|databricks:MATLAB,"Google asks for MATLAB in a larger share of its skilled postings than Databricks does, by 0.0513 pooled, holding in 4 of 5 job functions",identification,mixed -> refused,"more months, more publishers, or a stratum with enough support to settle the upstream verdict"
skillgap-machine-learning-google-databricks,tech_stack,skill_gap,google|databricks:Machine Learning,"Google asks for Machine Learning in a larger share of its skilled postings than Databricks does, by 0.0479 pooled, holding in 3 of 5 job functions",identification,mixed -> refused,"more months, more publishers, or a stratum with enough support to settle the upstream verdict"
skillgap-mongodb-google-databricks,tech_stack,skill_gap,google|databricks:MongoDB,"Google asks for MongoDB in a larger share of its skilled postings than Databricks does, by 0.0359 pooled, holding in 2 of 5 job functions",identification,mixed -> refused,"more months, more publishers, or a stratum with enough support to settle the upstream verdict"
skillgap-sap-google-databricks,tech_stack,skill_gap,google|databricks:SAP,"Google asks for SAP in a larger share of its skilled postings than Databricks does, by 0.0308 pooled, holding in 3 of 5 job functions",identification,mixed -> refused,"more months, more publishers, or a stratum with enough support to settle the upstream verdict"
skillgap-perl-google-databricks,tech_stack,skill_gap,google|databricks:Perl,"Google asks for Perl in a larger share of its skilled postings than Databricks does, by 0.0291 pooled, holding in 1 of 5 job functions",identification,mixed -> refused,"more months, more publishers, or a stratum with enough support to settle the upstream verdict"
skillgap-express-google-databricks,tech_stack,skill_gap,google|databricks:Express,"Google asks for Express in a larger share of its skilled postings than Databricks does, by 0.0256 pooled, holding in 2 of 5 job functions",identification,mixed -> refused,"more months, more publishers, or a stratum with enough support to settle the upstream verdict"
skillgap-snowflake-google-databricks,tech_stack,skill_gap,google|databricks:Snowflake,"Google asks for Snowflake in a larger share of its skilled postings than Databricks does, by 0.0256 pooled, holding in 3 of 5 job functions",identification,mixed -> refused,"more months, more publishers, or a stratum with enough support to settle the upstream verdict"
skillgap-airflow-google-databricks,tech_stack,skill_gap,google|databricks:Airflow,"Google asks for Airflow in a larger share of its skilled postings than Databricks does, by 0.0188 pooled, holding in 2 of 5 job functions",identification,mixed -> refused,"more months, more publishers, or a stratum with enough support to settle the upstream verdict"
skillgap-microsoft-word-google-databricks,tech_stack,skill_gap,google|databricks:Microsoft Word,"Databricks asks for Microsoft Word in a larger share of its skilled postings than Google does, by 0.0245 pooled, holding in 1 of 5 job functions",identification,mixed -> refused,"more months, more publishers, or a stratum with enough support to settle the upstream verdict"
skillgap-jenkins-google-databricks,tech_stack,skill_gap,google|databricks:Jenkins,"Databricks asks for Jenkins in a larger share of its skilled postings than Google does, by 0.0283 pooled, holding in 2 of 5 job functions",identification,mixed -> refused,"more months, more publishers, or a stratum with enough support to settle the upstream verdict"
skillgap-kubernetes-google-databricks,tech_stack,skill_gap,google|databricks:Kubernetes,"Databricks asks for Kubernetes in a larger share of its skilled postings than Google does, by 0.0299 pooled, holding in 1 of 5 job functions",identification,mixed -> refused,"more months, more publishers, or a stratum with enough support to settle the upstream verdict"
skillgap-google-sheets-google-databricks,tech_stack,skill_gap,google|databricks:Google Sheets,"Databricks asks for Google Sheets in a larger share of its skilled postings than Google does, by 0.0478 pooled, holding in 1 of 5 job functions",identification,mixed -> refused,"more months, more publishers, or a stratum with enough support to settle the upstream verdict"
skillgap-cassandra-google-databricks,tech_stack,skill_gap,google|databricks:Cassandra,"Databricks asks for Cassandra in a larger share of its skilled postings than Google does, by 0.0500 pooled, holding in 2 of 5 job functions",identification,mixed -> refused,"more months, more publishers, or a stratum with enough support to settle the upstream verdict"
skillgap-pandas-google-databricks,tech_stack,skill_gap,google|databricks:pandas,"Databricks asks for pandas in a larger share of its skilled postings than Google does, by 0.0545 pooled, holding in 3 of 5 job functions",identification,mixed -> refused,"more months, more publishers, or a stratum with enough support to settle the upstream verdict"
skillgap-scikit-learn-google-databricks,tech_stack,skill_gap,google|databricks:scikit-learn,"Databricks asks for scikit-learn in a larger share of its skilled postings than Google does, by 0.0733 pooled, holding in 3 of 5 job functions",identification,mixed -> refused,"more months, more publishers, or a stratum with enough support to settle the upstream verdict"
skillgap-git-google-databricks,tech_stack,skill_gap,google|databricks:Git,"Databricks asks for Git in a larger share of its skilled postings than Google does, by 0.0712 pooled, holding in 2 of 5 job functions",identification,mixed -> refused,"more months, more publishers, or a stratum with enough support to settle the upstream verdict"
skillgap-sql-google-databricks,tech_stack,skill_gap,google|databricks:SQL,"Databricks asks for SQL in a larger share of its skilled postings than Google does, by 0.1157 pooled, holding in 4 of 5 job functions",identification,mixed -> refused,"more months, more publishers, or a stratum with enough support to settle the upstream verdict"
skillgap-tableau-google-databricks,tech_stack,skill_gap,google|databricks:Tableau,"Databricks asks for Tableau in a larger share of its skilled postings than Google does, by 0.1450 pooled, holding in 3 of 5 job functions",identification,mixed -> refused,"more months, more publishers, or a stratum with enough support to settle the upstream verdict"
skillgap-hadoop-google-databricks,tech_stack,skill_gap,google|databricks:Hadoop,"Databricks asks for Hadoop in a larger share of its skilled postings than Google does, by 0.2569 pooled, holding in 2 of 5 job functions",identification,mixed -> refused,"more months, more publishers, or a stratum with enough support to settle the upstream verdict"
skillgap-kafka-google-databricks,tech_stack,skill_gap,google|databricks:Kafka,"Databricks asks for Kafka in a larger share of its skilled postings than Google does, by 0.2602 pooled, holding in 2 of 5 job functions",identification,mixed -> refused,"more months, more publishers, or a stratum with enough support to settle the upstream verdict"
skillgap-java-google-meta,tech_stack,skill_gap,google|meta:Java,"Google asks for Java in a larger share of its skilled postings than Meta does, by 0.1396 pooled, holding in 1 of 5 job functions",identification,mixed -> refused,"more months, more publishers, or a stratum with enough support to settle the upstream verdict"
skillgap-go-google-meta,tech_stack,skill_gap,google|meta:Go,"Google asks for Go in a larger share of its skilled postings than Meta does, by 0.1380 pooled, holding in 3 of 5 job functions",identification,mixed -> refused,"more months, more publishers, or a stratum with enough support to settle the upstream verdict"
skillgap-looker-google-meta,tech_stack,skill_gap,google|meta:Looker,"Google asks for Looker in a larger share of its skilled postings than Meta does, by 0.1103 pooled, holding in 3 of 5 job functions",identification,mixed -> refused,"more months, more publishers, or a stratum with enough support to settle the upstream verdict"
skillgap-javascript-google-meta,tech_stack,skill_gap,google|meta:JavaScript,"Google asks for JavaScript in a larger share of its skilled postings than Meta does, by 0.1057 pooled, holding in 3 of 5 job functions",identification,mixed -> refused,"more months, more publishers, or a stratum with enough support to settle the upstream verdict"
skillgap-bigquery-google-meta,tech_stack,skill_gap,google|meta:BigQuery,"Google asks for BigQuery in a larger share of its skilled postings than Meta does, by 0.0928 pooled, holding in 3 of 5 job functions",identification,mixed -> refused,"more months, more publishers, or a stratum with enough support to settle the upstream verdict"
skillgap-tensorflow-google-meta,tech_stack,skill_gap,google|meta:TensorFlow,"Google asks for TensorFlow in a larger share of its skilled postings than Meta does, by 0.0831 pooled, holding in 3 of 5 job functions",identification,mixed -> refused,"more months, more publishers, or a stratum with enough support to settle the upstream verdict"
skillgap-linux-google-meta,tech_stack,skill_gap,google|meta:Linux,"Google asks for Linux in a larger share of its skilled postings than Meta does, by 0.0754 pooled, holding in 2 of 5 job functions",identification,mixed -> refused,"more months, more publishers, or a stratum with enough support to settle the upstream verdict"
skillgap-nosql-google-meta,tech_stack,skill_gap,google|meta:NoSQL,"Google asks for NoSQL in a larger share of its skilled postings than Meta does, by 0.0744 pooled, holding in 2 of 5 job functions",identification,mixed -> refused,"more months, more publishers, or a stratum with enough support to settle the upstream verdict"
skillgap-c-google-meta,tech_stack,skill_gap,google|meta:C,"Google asks for C in a larger share of its skilled postings than Meta does, by 0.0436 pooled, holding in 2 of 5 job functions",identification,mixed -> refused,"more months, more publishers, or a stratum with enough support to settle the upstream verdict"
skillgap-gcp-google-meta,tech_stack,skill_gap,google|meta:GCP,"Google asks for GCP in a larger share of its skilled postings than Meta does, by 0.0398 pooled, holding in 3 of 5 job functions",identification,mixed -> refused,"more months, more publishers, or a stratum with enough support to settle the upstream verdict"
skillgap-mongodb-google-meta,tech_stack,skill_gap,google|meta:MongoDB,"Google asks for MongoDB in a larger share of its skilled postings than Meta does, by 0.0359 pooled, holding in 2 of 5 job functions",identification,mixed -> refused,"more months, more publishers, or a stratum with enough support to settle the upstream verdict"
skillgap-sap-google-meta,tech_stack,skill_gap,google|meta:SAP,"Google asks for SAP in a larger share of its skilled postings than Meta does, by 0.0284 pooled, holding in 2 of 5 job functions",identification,mixed -> refused,"more months, more publishers, or a stratum with enough support to settle the upstream verdict"
skillgap-oracle-google-meta,tech_stack,skill_gap,google|meta:Oracle,"Google asks for Oracle in a larger share of its skilled postings than Meta does, by 0.0282 pooled, holding in 1 of 5 job functions",identification,mixed -> refused,"more months, more publishers, or a stratum with enough support to settle the upstream verdict"
skillgap-snowflake-google-meta,tech_stack,skill_gap,google|meta:Snowflake,"Google asks for Snowflake in a larger share of its skilled postings than Meta does, by 0.0244 pooled, holding in 2 of 5 job functions",identification,mixed -> refused,"more months, more publishers, or a stratum with enough support to settle the upstream verdict"
skillgap-kubernetes-google-meta,tech_stack,skill_gap,google|meta:Kubernetes,"Google asks for Kubernetes in a larger share of its skilled postings than Meta does, by 0.0205 pooled, holding in 2 of 5 job functions",identification,mixed -> refused,"more months, more publishers, or a stratum with enough support to settle the upstream verdict"
skillgap-shell-google-meta,tech_stack,skill_gap,google|meta:Shell,"Google asks for Shell in a larger share of its skilled postings than Meta does, by 0.0168 pooled, holding in 1 of 5 job functions",identification,mixed -> refused,"more months, more publishers, or a stratum with enough support to settle the upstream verdict"
skillgap-express-google-meta,tech_stack,skill_gap,google|meta:Express,"Google asks for Express in a larger share of its skilled postings than Meta does, by 0.0161 pooled, holding in 2 of 5 job functions",identification,mixed -> refused,"more months, more publishers, or a stratum with enough support to settle the upstream verdict"
skillgap-graphql-google-meta,tech_stack,skill_gap,google|meta:GraphQL,"Meta asks for GraphQL in a larger share of its skilled postings than Google does, by 0.0131 pooled, holding in 1 of 5 job functions",identification,mixed -> refused,"more months, more publishers, or a stratum with enough support to settle the upstream verdict"
skillgap-generative-ai-google-meta,tech_stack,skill_gap,google|meta:Generative AI,"Meta asks for Generative AI in a larger share of its skilled postings than Google does, by 0.0167 pooled, holding in 2 of 5 job functions",identification,mixed -> refused,"more months, more publishers, or a stratum with enough support to settle the upstream verdict"
skillgap-azure-google-meta,tech_stack,skill_gap,google|meta:Azure,"Meta asks for Azure in a larger share of its skilled postings than Google does, by 0.0201 pooled, holding in 2 of 5 job functions",identification,mixed -> refused,"more months, more publishers, or a stratum with enough support to settle the upstream verdict"
skillgap-seaborn-google-meta,tech_stack,skill_gap,google|meta:Seaborn,"Meta asks for Seaborn in a larger share of its skilled postings than Google does, by 0.0203 pooled, holding in 2 of 5 job functions",identification,mixed -> refused,"more months, more publishers, or a stratum with enough support to settle the upstream verdict"
skillgap-numpy-google-meta,tech_stack,skill_gap,google|meta:NumPy,"Meta asks for NumPy in a larger share of its skilled postings than Google does, by 0.0254 pooled, holding in 1 of 5 job functions",identification,mixed -> refused,"more months, more publishers, or a stratum with enough support to settle the upstream verdict"
skillgap-spss-google-meta,tech_stack,skill_gap,google|meta:SPSS,"Meta asks for SPSS in a larger share of its skilled postings than Google does, by 0.0263 pooled, holding in 3 of 5 job functions",identification,mixed -> refused,"more months, more publishers, or a stratum with enough support to settle the upstream verdict"
skillgap-git-google-meta,tech_stack,skill_gap,google|meta:Git,"Meta asks for Git in a larger share of its skilled postings than Google does, by 0.0335 pooled, holding in 3 of 5 job functions",identification,mixed -> refused,"more months, more publishers, or a stratum with enough support to settle the upstream verdict"
skillgap-spark-google-meta,tech_stack,skill_gap,google|meta:Spark,"Meta asks for Spark in a larger share of its skilled postings than Google does, by 0.0388 pooled, holding in 3 of 5 job functions",identification,mixed -> refused,"more months, more publishers, or a stratum with enough support to settle the upstream verdict"
skillgap-matplotlib-google-meta,tech_stack,skill_gap,google|meta:Matplotlib,"Meta asks for Matplotlib in a larger share of its skilled postings than Google does, by 0.0406 pooled, holding in 2 of 5 job functions",identification,mixed -> refused,"more months, more publishers, or a stratum with enough support to settle the upstream verdict"
skillgap-ggplot2-google-meta,tech_stack,skill_gap,google|meta:ggplot2,"Meta asks for ggplot2 in a larger share of its skilled postings than Google does, by 0.0418 pooled, holding in 1 of 5 job functions",identification,mixed -> refused,"more months, more publishers, or a stratum with enough support to settle the upstream verdict"
skillgap-matlab-google-meta,tech_stack,skill_gap,google|meta:MATLAB,"Meta asks for MATLAB in a larger share of its skilled postings than Google does, by 0.0443 pooled, holding in 2 of 5 job functions",identification,mixed -> refused,"more months, more publishers, or a stratum with enough support to settle the upstream verdict"
skillgap-hadoop-google-meta,tech_stack,skill_gap,google|meta:Hadoop,"Meta asks for Hadoop in a larger share of its skilled postings than Google does, by 0.0466 pooled, holding in 3 of 5 job functions",identification,mixed -> refused,"more months, more publishers, or a stratum with enough support to settle the upstream verdict"
skillgap-sas-google-meta,tech_stack,skill_gap,google|meta:SAS,"Meta asks for SAS in a larger share of its skilled postings than Google does, by 0.0470 pooled, holding in 3 of 5 job functions",identification,mixed -> refused,"more months, more publishers, or a stratum with enough support to settle the upstream verdict"
skillgap-dplyr-google-meta,tech_stack,skill_gap,google|meta:dplyr,"Meta asks for dplyr in a larger share of its skilled postings than Google does, by 0.0514 pooled, holding in 1 of 5 job functions",identification,mixed -> refused,"more months, more publishers, or a stratum with enough support to settle the upstream verdict"
skillgap-scikit-learn-google-meta,tech_stack,skill_gap,google|meta:scikit-learn,"Meta asks for scikit-learn in a larger share of its skilled postings than Google does, by 0.0577 pooled, holding in 3 of 5 job functions",identification,mixed -> refused,"more months, more publishers, or a stratum with enough support to settle the upstream verdict"
skillgap-php-google-meta,tech_stack,skill_gap,google|meta:PHP,"Meta asks for PHP in a larger share of its skilled postings than Google does, by 0.0688 pooled, holding in 4 of 5 job functions",identification,mixed -> refused,"more months, more publishers, or a stratum with enough support to settle the upstream verdict"
skillgap-c-sharp-google-meta,tech_stack,skill_gap,google|meta:C#,"Meta asks for C# in a larger share of its skilled postings than Google does, by 0.0848 pooled, holding in 4 of 5 job functions",identification,mixed -> refused,"more months, more publishers, or a stratum with enough support to settle the upstream verdict"
skillgap-r-google-microsoft,tech_stack,skill_gap,google|microsoft:R,"Google asks for R in a larger share of its skilled postings than Microsoft does, by 0.2065 pooled, holding in 3 of 4 job functions",identification,mixed -> refused,"more months, more publishers, or a stratum with enough support to settle the upstream verdict"
skillgap-looker-google-microsoft,tech_stack,skill_gap,google|microsoft:Looker,"Google asks for Looker in a larger share of its skilled postings than Microsoft does, by 0.1162 pooled, holding in 3 of 4 job functions",identification,mixed -> refused,"more months, more publishers, or a stratum with enough support to settle the upstream verdict"
skillgap-go-google-microsoft,tech_stack,skill_gap,google|microsoft:Go,"Google asks for Go in a larger share of its skilled postings than Microsoft does, by 0.1140 pooled, holding in 2 of 4 job functions",identification,mixed -> refused,"more months, more publishers, or a stratum with enough support to settle the upstream verdict"
skillgap-bigquery-google-microsoft,tech_stack,skill_gap,google|microsoft:BigQuery,"Google asks for BigQuery in a larger share of its skilled postings than Microsoft does, by 0.1060 pooled, holding in 3 of 4 job functions",identification,mixed -> refused,"more months, more publishers, or a stratum with enough support to settle the upstream verdict"
skillgap-machine-learning-google-microsoft,tech_stack,skill_gap,google|microsoft:Machine Learning,"Google asks for Machine Learning in a larger share of its skilled postings than Microsoft does, by 0.0860 pooled, holding in 3 of 4 job functions",identification,mixed -> refused,"more months, more publishers, or a stratum with enough support to settle the upstream verdict"
skillgap-nosql-google-microsoft,tech_stack,skill_gap,google|microsoft:NoSQL,"Google asks for NoSQL in a larger share of its skilled postings than Microsoft does, by 0.0479 pooled, holding in 2 of 4 job functions",identification,mixed -> refused,"more months, more publishers, or a stratum with enough support to settle the upstream verdict"
skillgap-tensorflow-google-microsoft,tech_stack,skill_gap,google|microsoft:TensorFlow,"Google asks for TensorFlow in a larger share of its skilled postings than Microsoft does, by 0.0443 pooled, holding in 2 of 4 job functions",identification,mixed -> refused,"more months, more publishers, or a stratum with enough support to settle the upstream verdict"
skillgap-linux-google-microsoft,tech_stack,skill_gap,google|microsoft:Linux,"Google asks for Linux in a larger share of its skilled postings than Microsoft does, by 0.0331 pooled, holding in 2 of 4 job functions",identification,mixed -> refused,"more months, more publishers, or a stratum with enough support to settle the upstream verdict"
skillgap-angular-google-microsoft,tech_stack,skill_gap,google|microsoft:Angular,"Microsoft asks for Angular in a larger share of its skilled postings than Google does, by 0.0172 pooled, holding in 1 of 4 job functions",identification,mixed -> refused,"more months, more publishers, or a stratum with enough support to settle the upstream verdict"
skillgap-github-google-microsoft,tech_stack,skill_gap,google|microsoft:GitHub,"Microsoft asks for GitHub in a larger share of its skilled postings than Google does, by 0.0134 pooled, holding in 3 of 4 job functions",identification,mixed -> refused,"more months, more publishers, or a stratum with enough support to settle the upstream verdict"
skillgap-mysql-google-microsoft,tech_stack,skill_gap,google|microsoft:MySQL,"Microsoft asks for MySQL in a larger share of its skilled postings than Google does, by 0.0178 pooled, holding in 2 of 4 job functions",identification,mixed -> refused,"more months, more publishers, or a stratum with enough support to settle the upstream verdict"
skillgap-scikit-learn-google-microsoft,tech_stack,skill_gap,google|microsoft:scikit-learn,"Microsoft asks for scikit-learn in a larger share of its skilled postings than Google does, by 0.0216 pooled, holding in 2 of 4 job functions",identification,mixed -> refused,"more months, more publishers, or a stratum with enough support to settle the upstream verdict"
skillgap-powerpoint-google-microsoft,tech_stack,skill_gap,google|microsoft:PowerPoint,"Microsoft asks for PowerPoint in a larger share of its skilled postings than Google does, by 0.0203 pooled, holding in 3 of 4 job functions",identification,mixed -> refused,"more months, more publishers, or a stratum with enough support to settle the upstream verdict"
skillgap-ruby-google-microsoft,tech_stack,skill_gap,google|microsoft:Ruby,"Microsoft asks for Ruby in a larger share of its skilled postings than Google does, by 0.0206 pooled, holding in 3 of 4 job functions",identification,mixed -> refused,"more months, more publishers, or a stratum with enough support to settle the upstream verdict"
skillgap-cassandra-google-microsoft,tech_stack,skill_gap,google|microsoft:Cassandra,"Microsoft asks for Cassandra in a larger share of its skilled postings than Google does, by 0.0209 pooled, holding in 3 of 4 job functions",identification,mixed -> refused,"more months, more publishers, or a stratum with enough support to settle the upstream verdict"
skillgap-git-google-microsoft,tech_stack,skill_gap,google|microsoft:Git,"Microsoft asks for Git in a larger share of its skilled postings than Google does, by 0.0223 pooled, holding in 2 of 4 job functions",identification,mixed -> refused,"more months, more publishers, or a stratum with enough support to settle the upstream verdict"
skillgap-redis-google-microsoft,tech_stack,skill_gap,google|microsoft:Redis,"Microsoft asks for Redis in a larger share of its skilled postings than Google does, by 0.0247 pooled, holding in 2 of 4 job functions",identification,mixed -> refused,"more months, more publishers, or a stratum with enough support to settle the upstream verdict"
skillgap-microsoft-word-google-microsoft,tech_stack,skill_gap,google|microsoft:Microsoft Word,"Microsoft asks for Microsoft Word in a larger share of its skilled postings than Google does, by 0.0253 pooled, holding in 3 of 4 job functions",identification,mixed -> refused,"more months, more publishers, or a stratum with enough support to settle the upstream verdict"
skillgap-perl-google-microsoft,tech_stack,skill_gap,google|microsoft:Perl,"Microsoft asks for Perl in a larger share of its skilled postings than Google does, by 0.0318 pooled, holding in 3 of 4 job functions",identification,mixed -> refused,"more months, more publishers, or a stratum with enough support to settle the upstream verdict"
skillgap-postgresql-google-microsoft,tech_stack,skill_gap,google|microsoft:PostgreSQL,"Microsoft asks for PostgreSQL in a larger share of its skilled postings than Google does, by 0.0304 pooled, holding in 1 of 4 job functions",identification,mixed -> refused,"more months, more publishers, or a stratum with enough support to settle the upstream verdict"
skillgap-kafka-google-microsoft,tech_stack,skill_gap,google|microsoft:Kafka,"Microsoft asks for Kafka in a larger share of its skilled postings than Google does, by 0.0337 pooled, holding in 3 of 4 job functions",identification,mixed -> refused,"more months, more publishers, or a stratum with enough support to settle the upstream verdict"
skillgap-powershell-google-microsoft,tech_stack,skill_gap,google|microsoft:PowerShell,"Microsoft asks for PowerShell in a larger share of its skilled postings than Google does, by 0.0345 pooled, holding in 2 of 4 job functions",identification,mixed -> refused,"more months, more publishers, or a stratum with enough support to settle the upstream verdict"
skillgap-css-google-microsoft,tech_stack,skill_gap,google|microsoft:CSS,"Microsoft asks for CSS in a larger share of its skilled postings than Google does, by 0.0347 pooled, holding in 2 of 4 job functions",identification,mixed -> refused,"more months, more publishers, or a stratum with enough support to settle the upstream verdict"
skillgap-react-google-microsoft,tech_stack,skill_gap,google|microsoft:React,"Microsoft asks for React in a larger share of its skilled postings than Google does, by 0.0367 pooled, holding in 2 of 4 job functions",identification,mixed -> refused,"more months, more publishers, or a stratum with enough support to settle the upstream verdict"
skillgap-pytorch-google-microsoft,tech_stack,skill_gap,google|microsoft:PyTorch,"Microsoft asks for PyTorch in a larger share of its skilled postings than Google does, by 0.0544 pooled, holding in 2 of 4 job functions",identification,mixed -> refused,"more months, more publishers, or a stratum with enough support to settle the upstream verdict"
skillgap-hadoop-google-microsoft,tech_stack,skill_gap,google|microsoft:Hadoop,"Microsoft asks for Hadoop in a larger share of its skilled postings than Google does, by 0.0611 pooled, holding in 3 of 4 job functions",identification,mixed -> refused,"more months, more publishers, or a stratum with enough support to settle the upstream verdict"
skillgap-power-bi-google-microsoft,tech_stack,skill_gap,google|microsoft:Power BI,"Microsoft asks for Power BI in a larger share of its skilled postings than Google does, by 0.1659 pooled, holding in 3 of 4 job functions",identification,mixed -> refused,"more months, more publishers, or a stratum with enough support to settle the upstream verdict"
skillgap-r-google-nvidia,tech_stack,skill_gap,google|nvidia:R,"Google asks for R in a larger share of its skilled postings than Nvidia does, by 0.3212 pooled, holding in 4 of 5 job functions",identification,mixed -> refused,"more months, more publishers, or a stratum with enough support to settle the upstream verdict"
skillgap-sql-google-nvidia,tech_stack,skill_gap,google|nvidia:SQL,"Google asks for SQL in a larger share of its skilled postings than Nvidia does, by 0.1993 pooled, holding in 4 of 5 job functions",identification,mixed -> refused,"more months, more publishers, or a stratum with enough support to settle the upstream verdict"
skillgap-looker-google-nvidia,tech_stack,skill_gap,google|nvidia:Looker,"Google asks for Looker in a larger share of its skilled postings than Nvidia does, by 0.1162 pooled, holding in 4 of 5 job functions",identification,mixed -> refused,"more months, more publishers, or a stratum with enough support to settle the upstream verdict"
skillgap-javascript-google-nvidia,tech_stack,skill_gap,google|nvidia:JavaScript,"Google asks for JavaScript in a larger share of its skilled postings than Nvidia does, by 0.1072 pooled, holding in 4 of 5 job functions",identification,mixed -> refused,"more months, more publishers, or a stratum with enough support to settle the upstream verdict"
skillgap-bigquery-google-nvidia,tech_stack,skill_gap,google|nvidia:BigQuery,"Google asks for BigQuery in a larger share of its skilled postings than Nvidia does, by 0.1060 pooled, holding in 4 of 5 job functions",identification,mixed -> refused,"more months, more publishers, or a stratum with enough support to settle the upstream verdict"
skillgap-sas-google-nvidia,tech_stack,skill_gap,google|nvidia:SAS,"Google asks for SAS in a larger share of its skilled postings than Nvidia does, by 0.0581 pooled, holding in 3 of 5 job functions",identification,mixed -> refused,"more months, more publishers, or a stratum with enough support to settle the upstream verdict"
skillgap-matlab-google-nvidia,tech_stack,skill_gap,google|nvidia:MATLAB,"Google asks for MATLAB in a larger share of its skilled postings than Nvidia does, by 0.0513 pooled, holding in 4 of 5 job functions",identification,mixed -> refused,"more months, more publishers, or a stratum with enough support to settle the upstream verdict"
skillgap-express-google-nvidia,tech_stack,skill_gap,google|nvidia:Express,"Google asks for Express in a larger share of its skilled postings than Nvidia does, by 0.0256 pooled, holding in 2 of 5 job functions",identification,mixed -> refused,"more months, more publishers, or a stratum with enough support to settle the upstream verdict"
skillgap-c-sharp-google-nvidia,tech_stack,skill_gap,google|nvidia:C#,"Google asks for C# in a larger share of its skilled postings than Nvidia does, by 0.0239 pooled, holding in 3 of 5 job functions",identification,mixed -> refused,"more months, more publishers, or a stratum with enough support to settle the upstream verdict"
skillgap-jenkins-google-nvidia,tech_stack,skill_gap,google|nvidia:Jenkins,"Nvidia asks for Jenkins in a larger share of its skilled postings than Google does, by 0.0380 pooled, holding in 1 of 5 job functions",identification,mixed -> refused,"more months, more publishers, or a stratum with enough support to settle the upstream verdict"
skillgap-ansible-google-nvidia,tech_stack,skill_gap,google|nvidia:Ansible,"Nvidia asks for Ansible in a larger share of its skilled postings than Google does, by 0.0397 pooled, holding in 1 of 5 job functions",identification,mixed -> refused,"more months, more publishers, or a stratum with enough support to settle the upstream verdict"
skillgap-numpy-google-nvidia,tech_stack,skill_gap,google|nvidia:NumPy,"Nvidia asks for NumPy in a larger share of its skilled postings than Google does, by 0.0458 pooled, holding in 4 of 5 job functions",identification,mixed -> refused,"more months, more publishers, or a stratum with enough support to settle the upstream verdict"
skillgap-matplotlib-google-nvidia,tech_stack,skill_gap,google|nvidia:Matplotlib,"Nvidia asks for Matplotlib in a larger share of its skilled postings than Google does, by 0.0439 pooled, holding in 2 of 5 job functions",identification,mixed -> refused,"more months, more publishers, or a stratum with enough support to settle the upstream verdict"
skillgap-splunk-google-nvidia,tech_stack,skill_gap,google|nvidia:Splunk,"Nvidia asks for Splunk in a larger share of its skilled postings than Google does, by 0.0475 pooled, holding in 2 of 5 job functions",identification,mixed -> refused,"more months, more publishers, or a stratum with enough support to settle the upstream verdict"
skillgap-github-google-nvidia,tech_stack,skill_gap,google|nvidia:GitHub,"Nvidia asks for GitHub in a larger share of its skilled postings than Google does, by 0.0502 pooled, holding in 4 of 5 job functions",identification,mixed -> refused,"more months, more publishers, or a stratum with enough support to settle the upstream verdict"
skillgap-azure-google-nvidia,tech_stack,skill_gap,google|nvidia:Azure,"Nvidia asks for Azure in a larger share of its skilled postings than Google does, by 0.0748 pooled, holding in 3 of 5 job functions",identification,mixed -> refused,"more months, more publishers, or a stratum with enough support to settle the upstream verdict"
skillgap-bash-google-nvidia,tech_stack,skill_gap,google|nvidia:Bash,"Nvidia asks for Bash in a larger share of its skilled postings than Google does, by 0.0809 pooled, holding in 3 of 5 job functions",identification,mixed -> refused,"more months, more publishers, or a stratum with enough support to settle the upstream verdict"
skillgap-git-google-nvidia,tech_stack,skill_gap,google|nvidia:Git,"Nvidia asks for Git in a larger share of its skilled postings than Google does, by 0.1096 pooled, holding in 3 of 5 job functions",identification,mixed -> refused,"more months, more publishers, or a stratum with enough support to settle the upstream verdict"
skillgap-kafka-google-nvidia,tech_stack,skill_gap,google|nvidia:Kafka,"Nvidia asks for Kafka in a larger share of its skilled postings than Google does, by 0.1291 pooled, holding in 2 of 5 job functions",identification,mixed -> refused,"more months, more publishers, or a stratum with enough support to settle the upstream verdict"
skillgap-aws-google-nvidia,tech_stack,skill_gap,google|nvidia:AWS,"Nvidia asks for AWS in a larger share of its skilled postings than Google does, by 0.1318 pooled, holding in 4 of 5 job functions",identification,mixed -> refused,"more months, more publishers, or a stratum with enough support to settle the upstream verdict"
skillgap-pytorch-google-nvidia,tech_stack,skill_gap,google|nvidia:PyTorch,"Nvidia asks for PyTorch in a larger share of its skilled postings than Google does, by 0.1841 pooled, holding in 4 of 5 job functions",identification,mixed -> refused,"more months, more publishers, or a stratum with enough support to settle the upstream verdict"
skillgap-linux-google-nvidia,tech_stack,skill_gap,google|nvidia:Linux,"Nvidia asks for Linux in a larger share of its skilled postings than Google does, by 0.2057 pooled, holding in 4 of 5 job functions",identification,mixed -> refused,"more months, more publishers, or a stratum with enough support to settle the upstream verdict"
skillgap-spark-google-nvidia,tech_stack,skill_gap,google|nvidia:Spark,"Nvidia asks for Spark in a larger share of its skilled postings than Google does, by 0.2279 pooled, holding in 4 of 5 job functions",identification,mixed -> refused,"more months, more publishers, or a stratum with enough support to settle the upstream verdict"
skillgap-kubernetes-google-nvidia,tech_stack,skill_gap,google|nvidia:Kubernetes,"Nvidia asks for Kubernetes in a larger share of its skilled postings than Google does, by 0.2646 pooled, holding in 4 of 5 job functions",identification,mixed -> refused,"more months, more publishers, or a stratum with enough support to settle the upstream verdict"
skillgap-r-google-snowflake,tech_stack,skill_gap,google|snowflake:R,"Google asks for R in a larger share of its skilled postings than Snowflake does, by 0.2390 pooled, holding in 4 of 5 job functions",identification,mixed -> refused,"more months, more publishers, or a stratum with enough support to settle the upstream verdict"
skillgap-looker-google-snowflake,tech_stack,skill_gap,google|snowflake:Looker,"Google asks for Looker in a larger share of its skilled postings than Snowflake does, by 0.1140 pooled, holding in 4 of 5 job functions",identification,mixed -> refused,"more months, more publishers, or a stratum with enough support to settle the upstream verdict"
skillgap-python-google-snowflake,tech_stack,skill_gap,google|snowflake:Python,"Google asks for Python in a larger share of its skilled postings than Snowflake does, by 0.0949 pooled, holding in 2 of 5 job functions",identification,mixed -> refused,"more months, more publishers, or a stratum with enough support to settle the upstream verdict"
skillgap-machine-learning-google-snowflake,tech_stack,skill_gap,google|snowflake:Machine Learning,"Google asks for Machine Learning in a larger share of its skilled postings than Snowflake does, by 0.0777 pooled, holding in 3 of 5 job functions",identification,mixed -> refused,"more months, more publishers, or a stratum with enough support to settle the upstream verdict"
skillgap-tensorflow-google-snowflake,tech_stack,skill_gap,google|snowflake:TensorFlow,"Google asks for TensorFlow in a larger share of its skilled postings than Snowflake does, by 0.0771 pooled, holding in 2 of 5 job functions",identification,mixed -> refused,"more months, more publishers, or a stratum with enough support to settle the upstream verdict"
skillgap-nosql-google-snowflake,tech_stack,skill_gap,google|snowflake:NoSQL,"Google asks for NoSQL in a larger share of its skilled postings than Snowflake does, by 0.0715 pooled, holding in 2 of 5 job functions",identification,mixed -> refused,"more months, more publishers, or a stratum with enough support to settle the upstream verdict"
skillgap-sas-google-snowflake,tech_stack,skill_gap,google|snowflake:SAS,"Google asks for SAS in a larger share of its skilled postings than Snowflake does, by 0.0581 pooled, holding in 3 of 5 job functions",identification,mixed -> refused,"more months, more publishers, or a stratum with enough support to settle the upstream verdict"
skillgap-bigquery-google-snowflake,tech_stack,skill_gap,google|snowflake:BigQuery,"Google asks for BigQuery in a larger share of its skilled postings than Snowflake does, by 0.0595 pooled, holding in 2 of 5 job functions",identification,mixed -> refused,"more months, more publishers, or a stratum with enough support to settle the upstream verdict"
skillgap-matlab-google-snowflake,tech_stack,skill_gap,google|snowflake:MATLAB,"Google asks for MATLAB in a larger share of its skilled postings than Snowflake does, by 0.0513 pooled, holding in 4 of 5 job functions",identification,mixed -> refused,"more months, more publishers, or a stratum with enough support to settle the upstream verdict"
skillgap-linux-google-snowflake,tech_stack,skill_gap,google|snowflake:Linux,"Google asks for Linux in a larger share of its skilled postings than Snowflake does, by 0.0417 pooled, holding in 2 of 5 job functions",identification,mixed -> refused,"more months, more publishers, or a stratum with enough support to settle the upstream verdict"
skillgap-sap-google-snowflake,tech_stack,skill_gap,google|snowflake:SAP,"Google asks for SAP in a larger share of its skilled postings than Snowflake does, by 0.0308 pooled, holding in 3 of 5 job functions",identification,mixed -> refused,"more months, more publishers, or a stratum with enough support to settle the upstream verdict"
skillgap-mongodb-google-snowflake,tech_stack,skill_gap,google|snowflake:MongoDB,"Google asks for MongoDB in a larger share of its skilled postings than Snowflake does, by 0.0293 pooled, holding in 2 of 5 job functions",identification,mixed -> refused,"more months, more publishers, or a stratum with enough support to settle the upstream verdict"
skillgap-c-sharp-google-snowflake,tech_stack,skill_gap,google|snowflake:C#,"Google asks for C# in a larger share of its skilled postings than Snowflake does, by 0.0217 pooled, holding in 3 of 5 job functions",identification,mixed -> refused,"more months, more publishers, or a stratum with enough support to settle the upstream verdict"
skillgap-oracle-google-snowflake,tech_stack,skill_gap,google|snowflake:Oracle,"Google asks for Oracle in a larger share of its skilled postings than Snowflake does, by 0.0231 pooled, holding in 3 of 5 job functions",identification,mixed -> refused,"more months, more publishers, or a stratum with enough support to settle the upstream verdict"
skillgap-perl-google-snowflake,tech_stack,skill_gap,google|snowflake:Perl,"Google asks for Perl in a larger share of its skilled postings than Snowflake does, by 0.0202 pooled, holding in 1 of 5 job functions",identification,mixed -> refused,"more months, more publishers, or a stratum with enough support to settle the upstream verdict"
skillgap-terraform-google-snowflake,tech_stack,skill_gap,google|snowflake:Terraform,"Snowflake asks for Terraform in a larger share of its skilled postings than Google does, by 0.0256 pooled, holding in 1 of 5 job functions",identification,mixed -> refused,"more months, more publishers, or a stratum with enough support to settle the upstream verdict"
skillgap-jira-google-snowflake,tech_stack,skill_gap,google|snowflake:Jira,"Snowflake asks for Jira in a larger share of its skilled postings than Google does, by 0.0288 pooled, holding in 1 of 5 job functions",identification,mixed -> refused,"more months, more publishers, or a stratum with enough support to settle the upstream verdict"
skillgap-jenkins-google-snowflake,tech_stack,skill_gap,google|snowflake:Jenkins,"Snowflake asks for Jenkins in a larger share of its skilled postings than Google does, by 0.0296 pooled, holding in 1 of 5 job functions",identification,mixed -> refused,"more months, more publishers, or a stratum with enough support to settle the upstream verdict"
skillgap-cassandra-google-snowflake,tech_stack,skill_gap,google|snowflake:Cassandra,"Snowflake asks for Cassandra in a larger share of its skilled postings than Google does, by 0.0298 pooled, holding in 1 of 5 job functions",identification,mixed -> refused,"more months, more publishers, or a stratum with enough support to settle the upstream verdict"
skillgap-git-google-snowflake,tech_stack,skill_gap,google|snowflake:Git,"Snowflake asks for Git in a larger share of its skilled postings than Google does, by 0.0354 pooled, holding in 2 of 5 job functions",identification,mixed -> refused,"more months, more publishers, or a stratum with enough support to settle the upstream verdict"
skillgap-node-dot-js-google-snowflake,tech_stack,skill_gap,google|snowflake:Node.js,"Snowflake asks for Node.js in a larger share of its skilled postings than Google does, by 0.0420 pooled, holding in 1 of 5 job functions",identification,mixed -> refused,"more months, more publishers, or a stratum with enough support to settle the upstream verdict"
skillgap-redshift-google-snowflake,tech_stack,skill_gap,google|snowflake:Redshift,"Snowflake asks for Redshift in a larger share of its skilled postings than Google does, by 0.0413 pooled, holding in 3 of 5 job functions",identification,mixed -> refused,"more months, more publishers, or a stratum with enough support to settle the upstream verdict"
skillgap-numpy-google-snowflake,tech_stack,skill_gap,google|snowflake:NumPy,"Snowflake asks for NumPy in a larger share of its skilled postings than Google does, by 0.0485 pooled, holding in 4 of 5 job functions",identification,mixed -> refused,"more months, more publishers, or a stratum with enough support to settle the upstream verdict"
skillgap-vmware-google-snowflake,tech_stack,skill_gap,google|snowflake:VMware,"Snowflake asks for VMware in a larger share of its skilled postings than Google does, by 0.0536 pooled, holding in 1 of 5 job functions",identification,mixed -> refused,"more months, more publishers, or a stratum with enough support to settle the upstream verdict"
skillgap-react-google-snowflake,tech_stack,skill_gap,google|snowflake:React,"Snowflake asks for React in a larger share of its skilled postings than Google does, by 0.0566 pooled, holding in 1 of 5 job functions",identification,mixed -> refused,"more months, more publishers, or a stratum with enough support to settle the upstream verdict"
skillgap-kafka-google-snowflake,tech_stack,skill_gap,google|snowflake:Kafka,"Snowflake asks for Kafka in a larger share of its skilled postings than Google does, by 0.0640 pooled, holding in 2 of 5 job functions",identification,mixed -> refused,"more months, more publishers, or a stratum with enough support to settle the upstream verdict"
skillgap-kubernetes-google-snowflake,tech_stack,skill_gap,google|snowflake:Kubernetes,"Snowflake asks for Kubernetes in a larger share of its skilled postings than Google does, by 0.0879 pooled, holding in 2 of 5 job functions",identification,mixed -> refused,"more months, more publishers, or a stratum with enough support to settle the upstream verdict"
skillgap-typescript-google-snowflake,tech_stack,skill_gap,google|snowflake:TypeScript,"Snowflake asks for TypeScript in a larger share of its skilled postings than Google does, by 0.0908 pooled, holding in 1 of 5 job functions",identification,mixed -> refused,"more months, more publishers, or a stratum with enough support to settle the upstream verdict"
skillgap-docker-google-snowflake,tech_stack,skill_gap,google|snowflake:Docker,"Snowflake asks for Docker in a larger share of its skilled postings than Google does, by 0.0952 pooled, holding in 3 of 5 job functions",identification,mixed -> refused,"more months, more publishers, or a stratum with enough support to settle the upstream verdict"
skillgap-scikit-learn-google-snowflake,tech_stack,skill_gap,google|snowflake:scikit-learn,"Snowflake asks for scikit-learn in a larger share of its skilled postings than Google does, by 0.0994 pooled, holding in 3 of 5 job functions",identification,mixed -> refused,"more months, more publishers, or a stratum with enough support to settle the upstream verdict"
skillgap-airflow-google-snowflake,tech_stack,skill_gap,google|snowflake:Airflow,"Snowflake asks for Airflow in a larger share of its skilled postings than Google does, by 0.1051 pooled, holding in 4 of 5 job functions",identification,mixed -> refused,"more months, more publishers, or a stratum with enough support to settle the upstream verdict"
skillgap-windows-google-snowflake,tech_stack,skill_gap,google|snowflake:Windows,"Snowflake asks for Windows in a larger share of its skilled postings than Google does, by 0.1176 pooled, holding in 2 of 5 job functions",identification,mixed -> refused,"more months, more publishers, or a stratum with enough support to settle the upstream verdict"
skillgap-gcp-google-snowflake,tech_stack,skill_gap,google|snowflake:GCP,"Snowflake asks for GCP in a larger share of its skilled postings than Google does, by 0.1338 pooled, holding in 4 of 5 job functions",identification,mixed -> refused,"more months, more publishers, or a stratum with enough support to settle the upstream verdict"
skillgap-spark-google-snowflake,tech_stack,skill_gap,google|snowflake:Spark,"Snowflake asks for Spark in a larger share of its skilled postings than Google does, by 0.1420 pooled, holding in 4 of 5 job functions",identification,mixed -> refused,"more months, more publishers, or a stratum with enough support to settle the upstream verdict"
skillgap-java-google-snowflake,tech_stack,skill_gap,google|snowflake:Java,"Snowflake asks for Java in a larger share of its skilled postings than Google does, by 0.2390 pooled, holding in 2 of 5 job functions",identification,mixed -> refused,"more months, more publishers, or a stratum with enough support to settle the upstream verdict"
distinct-swift,tech_stack,distinctiveness,google:Swift,"Google asks for Swift in 0.5% of its skilled postings against 0.0% across the other five, a difference of 0.0051",identification,False -> refused,"more months, more publishers, or a stratum with enough support to settle the upstream verdict"
distinct-flutter,tech_stack,distinctiveness,google:Flutter,"Google asks for Flutter in 0.2% of its skilled postings against 0.0% across the other five, a difference of 0.0017",identification,False -> refused,"more months, more publishers, or a stratum with enough support to settle the upstream verdict"
distinct-dart,tech_stack,distinctiveness,google:Dart,"Google asks for Dart in 0.2% of its skilled postings against 0.0% across the other five, a difference of 0.0017",identification,False -> refused,"more months, more publishers, or a stratum with enough support to settle the upstream verdict"
distinct-cognos,tech_stack,distinctiveness,google:Cognos,"Google asks for Cognos in 0.7% of its skilled postings against 0.0% across the other five, a difference of 0.0064",identification,False -> refused,"more months, more publishers, or a stratum with enough support to settle the upstream verdict"
distinct-firebase,tech_stack,distinctiveness,google:Firebase,"Google asks for Firebase in 0.2% of its skilled postings against 0.0% across the other five, a difference of 0.0017",identification,False -> refused,"more months, more publishers, or a stratum with enough support to settle the upstream verdict"
distinct-macos,tech_stack,distinctiveness,google:macOS,"Google asks for macOS in 0.7% of its skilled postings against 0.0% across the other five, a difference of 0.0064",identification,False -> refused,"more months, more publishers, or a stratum with enough support to settle the upstream verdict"
distinct-microsoft-access,tech_stack,distinctiveness,google:Microsoft Access,"Google asks for Microsoft Access in 0.2% of its skilled postings against 0.0% across the other five, a difference of 0.0017",identification,False -> refused,"more months, more publishers, or a stratum with enough support to settle the upstream verdict"
distinct-mxnet,tech_stack,distinctiveness,google:MXNet,"Google asks for MXNet in 0.5% of its skilled postings against 0.0% across the other five, a difference of 0.0047",identification,False -> refused,"more months, more publishers, or a stratum with enough support to settle the upstream verdict"
distinct-rust,tech_stack,distinctiveness,google:Rust,"Google asks for Rust in 0.7% of its skilled postings against 0.1% across the other five, a difference of 0.0059",identification,False -> refused,"more months, more publishers, or a stratum with enough support to settle the upstream verdict"
distinct-objective-c,tech_stack,distinctiveness,google:Objective-C,"Google asks for Objective-C in 0.7% of its skilled postings against 0.1% across the other five, a difference of 0.0059",identification,False -> refused,"more months, more publishers, or a stratum with enough support to settle the upstream verdict"
distinct-plotly,tech_stack,distinctiveness,google:Plotly,"Google asks for Plotly in 0.9% of its skilled postings against 0.1% across the other five, a difference of 0.0072",identification,False -> refused,"more months, more publishers, or a stratum with enough support to settle the upstream verdict"
distinct-assembly,tech_stack,distinctiveness,google:Assembly,"Google asks for Assembly in 0.5% of its skilled postings against 0.1% across the other five, a difference of 0.0042",identification,False -> refused,"more months, more publishers, or a stratum with enough support to settle the upstream verdict"
distinct-kotlin,tech_stack,distinctiveness,google:Kotlin,"Google asks for Kotlin in 0.5% of its skilled postings against 0.1% across the other five, a difference of 0.0042",identification,False -> refused,"more months, more publishers, or a stratum with enough support to settle the upstream verdict"
distinct-colocation,tech_stack,distinctiveness,google:Colocation,"Google asks for Colocation in 0.7% of its skilled postings against 0.1% across the other five, a difference of 0.0055",identification,False -> refused,"more months, more publishers, or a stratum with enough support to settle the upstream verdict"
distinct-microstrategy,tech_stack,distinctiveness,google:MicroStrategy,"Google asks for MicroStrategy in 0.7% of its skilled postings against 0.3% across the other five, a difference of 0.0038",identification,False -> refused,"more months, more publishers, or a stratum with enough support to settle the upstream verdict"
distinct-ubuntu,tech_stack,distinctiveness,google:Ubuntu,"Google asks for Ubuntu in 0.2% of its skilled postings against 0.1% across the other five, a difference of 0.0004",identification,False -> refused,"more months, more publishers, or a stratum with enough support to settle the upstream verdict"
distinct-unix,tech_stack,distinctiveness,google:Unix,"Google asks for Unix in 1.0% of its skilled postings against 0.7% across the other five, a difference of 0.0030",identification,False -> refused,"more months, more publishers, or a stratum with enough support to settle the upstream verdict"
distinct-c,tech_stack,distinctiveness,google:C,"Google asks for C in 6.1% of its skilled postings against 4.2% across the other five, a difference of 0.0193",identification,False -> refused,"more months, more publishers, or a stratum with enough support to settle the upstream verdict"
distinct-django,tech_stack,distinctiveness,google:Django,"Google asks for Django in 0.0% of its skilled postings against 0.0% across the other five, a difference of -0.0004",identification,False -> refused,"more months, more publishers, or a stratum with enough support to settle the upstream verdict"
distinct-html,tech_stack,distinctiveness,google:HTML,"Google asks for HTML in 1.5% of its skilled postings against 1.2% across the other five, a difference of 0.0035",identification,False -> refused,"more months, more publishers, or a stratum with enough support to settle the upstream verdict"
distinct-groovy,tech_stack,distinctiveness,google:Groovy,"Google asks for Groovy in 0.0% of its skilled postings against 0.0% across the other five, a difference of -0.0004",identification,False -> refused,"more months, more publishers, or a stratum with enough support to settle the upstream verdict"
distinct-vue-dot-js,tech_stack,distinctiveness,google:Vue.js,"Google asks for Vue.js in 0.0% of its skilled postings against 0.0% across the other five, a difference of -0.0004",identification,False -> refused,"more months, more publishers, or a stratum with enough support to settle the upstream verdict"
distinct-gdpr,tech_stack,distinctiveness,google:GDPR,"Google asks for GDPR in 0.2% of its skilled postings against 0.2% across the other five, a difference of 0",identification,False -> refused,"more months, more publishers, or a stratum with enough support to settle the upstream verdict"
distinct-cuda,tech_stack,distinctiveness,google:CUDA,"Google asks for CUDA in 0.0% of its skilled postings against 0.0% across the other five, a difference of -0.0004",identification,False -> refused,"more months, more publishers, or a stratum with enough support to settle the upstream verdict"
distinct-ansible,tech_stack,distinctiveness,google:Ansible,"Google asks for Ansible in 0.9% of its skilled postings against 0.7% across the other five, a difference of 0.0017",identification,False -> refused,"more months, more publishers, or a stratum with enough support to settle the upstream verdict"
distinct-sas,tech_stack,distinctiveness,google:SAS,"Google asks for SAS in 5.8% of its skilled postings against 4.4% across the other five, a difference of 0.0138",identification,False -> refused,"more months, more publishers, or a stratum with enough support to settle the upstream verdict"
distinct-matlab,tech_stack,distinctiveness,google:MATLAB,"Google asks for MATLAB in 5.1% of its skilled postings against 4.0% across the other five, a difference of 0.0112",identification,False -> refused,"more months, more publishers, or a stratum with enough support to settle the upstream verdict"
distinct-google-sheets,tech_stack,distinctiveness,google:Google Sheets,"Google asks for Google Sheets in 0.9% of its skilled postings against 0.8% across the other five, a difference of 0.0005",identification,False -> refused,"more months, more publishers, or a stratum with enough support to settle the upstream verdict"
distinct-puppet,tech_stack,distinctiveness,google:Puppet,"Google asks for Puppet in 0.5% of its skilled postings against 0.5% across the other five, a difference of 0",identification,False -> refused,"more months, more publishers, or a stratum with enough support to settle the upstream verdict"
distinct-jupyter,tech_stack,distinctiveness,google:Jupyter,"Google asks for Jupyter in 0.5% of its skilled postings against 0.5% across the other five, a difference of 0",identification,False -> refused,"more months, more publishers, or a stratum with enough support to settle the upstream verdict"
distinct-chef,tech_stack,distinctiveness,google:Chef,"Google asks for Chef in 0.5% of its skilled postings against 0.5% across the other five, a difference of 0",identification,False -> refused,"more months, more publishers, or a stratum with enough support to settle the upstream verdict"
distinct-qlik,tech_stack,distinctiveness,google:Qlik,"Google asks for Qlik in 0.2% of its skilled postings against 0.2% across the other five, a difference of -0.0004",identification,False -> refused,"more months, more publishers, or a stratum with enough support to settle the upstream verdict"
distinct-splunk,tech_stack,distinctiveness,google:Splunk,"Google asks for Splunk in 0.5% of its skilled postings against 0.6% across the other five, a difference of -0.0008",identification,False -> refused,"more months, more publishers, or a stratum with enough support to settle the upstream verdict"
distinct-c-plus-plus,tech_stack,distinctiveness,google:C++,"Google asks for C++ in 17.3% of its skilled postings against 18.1% across the other five, a difference of -0.0079",identification,False -> refused,"more months, more publishers, or a stratum with enough support to settle the upstream verdict"
distinct-python,tech_stack,distinctiveness,google:Python,"Google asks for Python in 63.0% of its skilled postings against 66.1% across the other five, a difference of -0.0303",identification,False -> refused,"more months, more publishers, or a stratum with enough support to settle the upstream verdict"
distinct-java,tech_stack,distinctiveness,google:Java,"Google asks for Java in 22.4% of its skilled postings against 23.5% across the other five, a difference of -0.0114",identification,False -> refused,"more months, more publishers, or a stratum with enough support to settle the upstream verdict"
distinct-spss,tech_stack,distinctiveness,google:SPSS,"Google asks for SPSS in 1.2% of its skilled postings against 1.4% across the other five, a difference of -0.0016",identification,False -> refused,"more months, more publishers, or a stratum with enough support to settle the upstream verdict"
distinct-computer-vision,tech_stack,distinctiveness,google:Computer Vision,"Google asks for Computer Vision in 0.2% of its skilled postings against 0.2% across the other five, a difference of -0.0008",identification,False -> refused,"more months, more publishers, or a stratum with enough support to settle the upstream verdict"
distinct-perl,tech_stack,distinctiveness,google:Perl,"Google asks for Perl in 2.9% of its skilled postings against 3.3% across the other five, a difference of -0.0045",identification,False -> refused,"more months, more publishers, or a stratum with enough support to settle the upstream verdict"
distinct-terraform,tech_stack,distinctiveness,google:Terraform,"Google asks for Terraform in 1.2% of its skilled postings against 1.5% across the other five, a difference of -0.0029",identification,False -> refused,"more months, more publishers, or a stratum with enough support to settle the upstream verdict"
distinct-flask,tech_stack,distinctiveness,google:Flask,"Google asks for Flask in 0.0% of its skilled postings against 0.1% across the other five, a difference of -0.0008",identification,False -> refused,"more months, more publishers, or a stratum with enough support to settle the upstream verdict"
distinct-keras,tech_stack,distinctiveness,google:Keras,"Google asks for Keras in 0.9% of its skilled postings against 1.2% across the other five, a difference of -0.0033",identification,False -> refused,"more months, more publishers, or a stratum with enough support to settle the upstream verdict"
distinct-css,tech_stack,distinctiveness,google:CSS,"Google asks for CSS in 1.2% of its skilled postings against 1.7% across the other five, a difference of -0.0054",identification,False -> refused,"more months, more publishers, or a stratum with enough support to settle the upstream verdict"
distinct-mysql,tech_stack,distinctiveness,google:MySQL,"Google asks for MySQL in 0.9% of its skilled postings against 1.4% across the other five, a difference of -0.0054",identification,False -> refused,"more months, more publishers, or a stratum with enough support to settle the upstream verdict"
distinct-typescript,tech_stack,distinctiveness,google:TypeScript,"Google asks for TypeScript in 1.5% of its skilled postings against 2.7% across the other five, a difference of -0.0117",identification,False -> refused,"more months, more publishers, or a stratum with enough support to settle the upstream verdict"
distinct-angular,tech_stack,distinctiveness,google:Angular,"Google asks for Angular in 0.5% of its skilled postings against 1.0% across the other five, a difference of -0.0050",identification,False -> refused,"more months, more publishers, or a stratum with enough support to settle the upstream verdict"
distinct-nltk,tech_stack,distinctiveness,google:NLTK,"Google asks for NLTK in 0.0% of its skilled postings against 0.1% across the other five, a difference of -0.0013",identification,False -> refused,"more months, more publishers, or a stratum with enough support to settle the upstream verdict"
distinct-ruby-on-rails,tech_stack,distinctiveness,google:Ruby on Rails,"Google asks for Ruby on Rails in 0.0% of its skilled postings against 0.1% across the other five, a difference of -0.0013",identification,False -> refused,"more months, more publishers, or a stratum with enough support to settle the upstream verdict"
distinct-airflow,tech_stack,distinctiveness,google:Airflow,"Google asks for Airflow in 1.9% of its skilled postings against 3.5% across the other five, a difference of -0.0168",identification,False -> refused,"more months, more publishers, or a stratum with enough support to settle the upstream verdict"
distinct-bash,tech_stack,distinctiveness,google:Bash,"Google asks for Bash in 0.7% of its skilled postings against 1.4% across the other five, a difference of -0.0071",identification,False -> refused,"more months, more publishers, or a stratum with enough support to settle the upstream verdict"
distinct-jenkins,tech_stack,distinctiveness,google:Jenkins,"Google asks for Jenkins in 1.0% of its skilled postings against 2.0% across the other five, a difference of -0.0101",identification,False -> refused,"more months, more publishers, or a stratum with enough support to settle the upstream verdict"
distinct-github,tech_stack,distinctiveness,google:GitHub,"Google asks for GitHub in 0.7% of its skilled postings against 1.5% across the other five, a difference of -0.0084",identification,False -> refused,"more months, more publishers, or a stratum with enough support to settle the upstream verdict"
distinct-openstack,tech_stack,distinctiveness,google:OpenStack,"Google asks for OpenStack in 0.2% of its skilled postings against 0.5% across the other five, a difference of -0.0034",identification,False -> refused,"more months, more publishers, or a stratum with enough support to settle the upstream verdict"
distinct-data-modelling,tech_stack,distinctiveness,google:Data Modelling,"Google asks for Data Modelling in 0.0% of its skilled postings against 0.2% across the other five, a difference of -0.0017",identification,False -> refused,"more months, more publishers, or a stratum with enough support to settle the upstream verdict"
distinct-hugging-face,tech_stack,distinctiveness,google:Hugging Face,"Google asks for Hugging Face in 0.0% of its skilled postings against 0.2% across the other five, a difference of -0.0017",identification,False -> refused,"more months, more publishers, or a stratum with enough support to settle the upstream verdict"
distinct-nlp,tech_stack,distinctiveness,google:NLP,"Google asks for NLP in 0.0% of its skilled postings against 0.2% across the other five, a difference of -0.0017",identification,False -> refused,"more months, more publishers, or a stratum with enough support to settle the upstream verdict"
distinct-microsoft-outlook,tech_stack,distinctiveness,google:Microsoft Outlook,"Google asks for Microsoft Outlook in 0.5% of its skilled postings against 1.3% across the other five, a difference of -0.0080",identification,False -> refused,"more months, more publishers, or a stratum with enough support to settle the upstream verdict"
distinct-etl,tech_stack,distinctiveness,google:ETL,"Google asks for ETL in 0.0% of its skilled postings against 0.2% across the other five, a difference of -0.0017",identification,False -> refused,"more months, more publishers, or a stratum with enough support to settle the upstream verdict"
distinct-sql-server,tech_stack,distinctiveness,google:SQL Server,"Google asks for SQL Server in 0.5% of its skilled postings against 1.4% across the other five, a difference of -0.0088",identification,False -> refused,"more months, more publishers, or a stratum with enough support to settle the upstream verdict"
distinct-microsoft-word,tech_stack,distinctiveness,google:Microsoft Word,"Google asks for Microsoft Word in 0.5% of its skilled postings against 1.5% across the other five, a difference of -0.0101",identification,False -> refused,"more months, more publishers, or a stratum with enough support to settle the upstream verdict"
distinct-dot-net,tech_stack,distinctiveness,google:.NET,"Google asks for .NET in 0.0% of its skilled postings against 0.2% across the other five, a difference of -0.0021",identification,False -> refused,"more months, more publishers, or a stratum with enough support to settle the upstream verdict"
distinct-llm,tech_stack,distinctiveness,google:LLM,"Google asks for LLM in 0.0% of its skilled postings against 0.2% across the other five, a difference of -0.0021",identification,False -> refused,"more months, more publishers, or a stratum with enough support to settle the upstream verdict"
distinct-elasticsearch,tech_stack,distinctiveness,google:Elasticsearch,"Google asks for Elasticsearch in 0.2% of its skilled postings against 0.8% across the other five, a difference of -0.0063",identification,False -> refused,"more months, more publishers, or a stratum with enough support to settle the upstream verdict"
distinct-neo4j,tech_stack,distinctiveness,google:Neo4j,"Google asks for Neo4j in 0.0% of its skilled postings against 0.2% across the other five, a difference of -0.0025",identification,False -> refused,"more months, more publishers, or a stratum with enough support to settle the upstream verdict"
distinct-redis,tech_stack,distinctiveness,google:Redis,"Google asks for Redis in 0.2% of its skilled postings against 0.8% across the other five, a difference of -0.0067",identification,False -> refused,"more months, more publishers, or a stratum with enough support to settle the upstream verdict"
distinct-ruby,tech_stack,distinctiveness,google:Ruby,"Google asks for Ruby in 0.2% of its skilled postings against 0.9% across the other five, a difference of -0.0072",identification,False -> refused,"more months, more publishers, or a stratum with enough support to settle the upstream verdict"
distinct-dynamodb,tech_stack,distinctiveness,google:DynamoDB,"Google asks for DynamoDB in 0.0% of its skilled postings against 0.3% across the other five, a difference of -0.0029",identification,False -> refused,"more months, more publishers, or a stratum with enough support to settle the upstream verdict"
distinct-vba,tech_stack,distinctiveness,google:VBA,"Google asks for VBA in 0.0% of its skilled postings against 0.3% across the other five, a difference of -0.0029",identification,False -> refused,"more months, more publishers, or a stratum with enough support to settle the upstream verdict"
distinct-spring,tech_stack,distinctiveness,google:Spring,"Google asks for Spring in 0.0% of its skilled postings against 0.3% across the other five, a difference of -0.0034",identification,False -> refused,"more months, more publishers, or a stratum with enough support to settle the upstream verdict"
distinct-alteryx,tech_stack,distinctiveness,google:Alteryx,"Google asks for Alteryx in 0.0% of its skilled postings against 0.3% across the other five, a difference of -0.0034",identification,False -> refused,"more months, more publishers, or a stratum with enough support to settle the upstream verdict"
distinct-deep-learning,tech_stack,distinctiveness,google:Deep Learning,"Google asks for Deep Learning in 0.0% of its skilled postings against 0.3% across the other five, a difference of -0.0034",identification,False -> refused,"more months, more publishers, or a stratum with enough support to settle the upstream verdict"
distinct-confluence,tech_stack,distinctiveness,google:Confluence,"Google asks for Confluence in 0.0% of its skilled postings against 0.3% across the other five, a difference of -0.0034",identification,False -> refused,"more months, more publishers, or a stratum with enough support to settle the upstream verdict"
distinct-julia,tech_stack,distinctiveness,google:Julia,"Google asks for Julia in 0.0% of its skilled postings against 0.4% across the other five, a difference of -0.0042",identification,False -> refused,"more months, more publishers, or a stratum with enough support to settle the upstream verdict"
distinct-powerpoint,tech_stack,distinctiveness,google:PowerPoint,"Google asks for PowerPoint in 0.0% of its skilled postings against 0.5% across the other five, a difference of -0.0051",identification,False -> refused,"more months, more publishers, or a stratum with enough support to settle the upstream verdict"
distinct-gitlab,tech_stack,distinctiveness,google:GitLab,"Google asks for GitLab in 0.0% of its skilled postings against 0.5% across the other five, a difference of -0.0055",identification,False -> refused,"more months, more publishers, or a stratum with enough support to settle the upstream verdict"
distinct-seaborn,tech_stack,distinctiveness,google:Seaborn,"Google asks for Seaborn in 0.0% of its skilled postings against 0.7% across the other five, a difference of -0.0072",identification,False -> refused,"more months, more publishers, or a stratum with enough support to settle the upstream verdict"
distinct-generative-ai,tech_stack,distinctiveness,google:Generative AI,"Google asks for Generative AI in 0.0% of its skilled postings against 0.7% across the other five, a difference of -0.0072",identification,False -> refused,"more months, more publishers, or a stratum with enough support to settle the upstream verdict"
distinct-graphql,tech_stack,distinctiveness,google:GraphQL,"Google asks for GraphQL in 0.0% of its skilled postings against 0.8% across the other five, a difference of -0.0076",identification,False -> refused,"more months, more publishers, or a stratum with enough support to settle the upstream verdict"
distinct-powershell,tech_stack,distinctiveness,google:PowerShell,"Google asks for PowerShell in 0.0% of its skilled postings against 0.8% across the other five, a difference of -0.0076",identification,False -> refused,"more months, more publishers, or a stratum with enough support to settle the upstream verdict"
forecastable-databricks,future_demand,forecastability,databricks,"Databricks's monthly share series carries 65.7% signal, enough to be worth modelling",identification,too_thin -> refused,"more months, more publishers, or a stratum with enough support to settle the upstream verdict"
forecastable-microsoft,future_demand,forecastability,microsoft,"Microsoft's monthly share series carries 85.2% signal, enough to be worth modelling",identification,too_thin -> refused,"more months, more publishers, or a stratum with enough support to settle the upstream verdict"
forecastable-nvidia,future_demand,forecastability,nvidia,"Nvidia's monthly share series carries 61.1% signal, enough to be worth modelling",identification,too_thin -> refused,"more months, more publishers, or a stratum with enough support to settle the upstream verdict"
forecastable-snowflake,future_demand,forecastability,snowflake,"Snowflake's monthly share series carries 85.6% signal, enough to be worth modelling",identification,too_thin -> refused,"more months, more publishers, or a stratum with enough support to settle the upstream verdict"
forecast-h1,future_demand,forecast_horizon,google:h1,Google's posting share 1 month ahead can be stated within a band 3.15 times wide,identification,True & False -> refused,"more months, more publishers, or a stratum with enough support to settle the upstream verdict"
forecast-h2,future_demand,forecast_horizon,google:h2,Google's posting share 2 months ahead can be stated within a band 2.19 times wide,identification,True & False -> refused,"more months, more publishers, or a stratum with enough support to settle the upstream verdict"
forecast-h3,future_demand,forecast_horizon,google:h3,Google's posting share 3 months ahead can be stated within a band nan times wide,identification,False & False -> refused,"more months, more publishers, or a stratum with enough support to settle the upstream verdict"
pair-microsoft-nvidia,position,similarity,microsoft|nvidia,"Microsoft and Nvidia have a skill-profile similarity of 0.6769, ranking 3 of 15 pairs",identification,unresolved -> refused,"more months, more publishers, or a stratum with enough support to settle the upstream verdict"
pair-google-microsoft,position,similarity,google|microsoft,"Google and Microsoft have a skill-profile similarity of 0.6707, ranking 4 of 15 pairs",identification,unresolved -> refused,"more months, more publishers, or a stratum with enough support to settle the upstream verdict"
pair-meta-microsoft,position,similarity,meta|microsoft,"Meta and Microsoft have a skill-profile similarity of 0.6587, ranking 5 of 15 pairs",identification,unresolved -> refused,"more months, more publishers, or a stratum with enough support to settle the upstream verdict"
pair-meta-nvidia,position,similarity,meta|nvidia,"Meta and Nvidia have a skill-profile similarity of 0.6569, ranking 6 of 15 pairs",identification,unresolved -> refused,"more months, more publishers, or a stratum with enough support to settle the upstream verdict"
pair-databricks-microsoft,position,similarity,databricks|microsoft,"Databricks and Microsoft have a skill-profile similarity of 0.6498, ranking 7 of 15 pairs",identification,unresolved -> refused,"more months, more publishers, or a stratum with enough support to settle the upstream verdict"
pair-microsoft-snowflake,position,similarity,microsoft|snowflake,"Microsoft and Snowflake have a skill-profile similarity of 0.6351, ranking 8 of 15 pairs",identification,unresolved -> refused,"more months, more publishers, or a stratum with enough support to settle the upstream verdict"
pair-google-snowflake,position,similarity,google|snowflake,"Google and Snowflake have a skill-profile similarity of 0.6160, ranking 9 of 15 pairs",identification,unresolved -> refused,"more months, more publishers, or a stratum with enough support to settle the upstream verdict"
pair-nvidia-snowflake,position,similarity,nvidia|snowflake,"Nvidia and Snowflake have a skill-profile similarity of 0.5824, ranking 10 of 15 pairs",identification,unresolved -> refused,"more months, more publishers, or a stratum with enough support to settle the upstream verdict"
pair-databricks-nvidia,position,similarity,databricks|nvidia,"Databricks and Nvidia have a skill-profile similarity of 0.5756, ranking 11 of 15 pairs",identification,unresolved -> refused,"more months, more publishers, or a stratum with enough support to settle the upstream verdict"
pair-meta-snowflake,position,similarity,meta|snowflake,"Meta and Snowflake have a skill-profile similarity of 0.5666, ranking 12 of 15 pairs",identification,unresolved -> refused,"more months, more publishers, or a stratum with enough support to settle the upstream verdict"
pair-databricks-snowflake,position,similarity,databricks|snowflake,"Databricks and Snowflake have a skill-profile similarity of 0.5538, ranking 13 of 15 pairs",identification,unresolved -> refused,"more months, more publishers, or a stratum with enough support to settle the upstream verdict"
pair-databricks-meta,position,similarity,databricks|meta,"Databricks and Meta have a skill-profile similarity of 0.4972, ranking 14 of 15 pairs",identification,unresolved -> refused,"more months, more publishers, or a stratum with enough support to settle the upstream verdict"
pair-databricks-google,position,similarity,databricks|google,"Databricks and Google have a skill-profile similarity of 0.4961, ranking 15 of 15 pairs",identification,unresolved -> refused,"more months, more publishers, or a stratum with enough support to settle the upstream verdict"
traj-google-meta,position,trajectory,google|meta,"Google and Meta moved together across 2023, with a monthly log-share correlation of -0.0411",identification,True & False -> refused,"more months, more publishers, or a stratum with enough support to settle the upstream verdict"
traj-databricks-meta,position,trajectory,databricks|meta,"Databricks and Meta moved together across 2023, with a monthly log-share correlation of 0.0720",identification,False & False -> refused,"more months, more publishers, or a stratum with enough support to settle the upstream verdict"
traj-databricks-microsoft,position,trajectory,databricks|microsoft,"Databricks and Microsoft moved together across 2023, with a monthly log-share correlation of 0.3589",identification,False & False -> refused,"more months, more publishers, or a stratum with enough support to settle the upstream verdict"
traj-meta-nvidia,position,trajectory,meta|nvidia,"Meta and Nvidia moved together across 2023, with a monthly log-share correlation of 0.1450",identification,False & False -> refused,"more months, more publishers, or a stratum with enough support to settle the upstream verdict"
traj-databricks-google,position,trajectory,databricks|google,"Databricks and Google moved together across 2023, with a monthly log-share correlation of -0.6365",identification,False & True -> refused,"more months, more publishers, or a stratum with enough support to settle the upstream verdict"
traj-microsoft-nvidia,position,trajectory,microsoft|nvidia,"Microsoft and Nvidia moved together across 2023, with a monthly log-share correlation of 0.3221",identification,False & False -> refused,"more months, more publishers, or a stratum with enough support to settle the upstream verdict"
traj-databricks-nvidia,position,trajectory,databricks|nvidia,"Databricks and Nvidia moved together across 2023, with a monthly log-share correlation of -0.0081",identification,False & False -> refused,"more months, more publishers, or a stratum with enough support to settle the upstream verdict"
traj-meta-microsoft,position,trajectory,meta|microsoft,"Meta and Microsoft moved together across 2023, with a monthly log-share correlation of -0.3649",identification,False & False -> refused,"more months, more publishers, or a stratum with enough support to settle the upstream verdict"
traj-google-nvidia,position,trajectory,google|nvidia,"Google and Nvidia moved together across 2023, with a monthly log-share correlation of -0.5600",identification,False & False -> refused,"more months, more publishers, or a stratum with enough support to settle the upstream verdict"
traj-google-microsoft,position,trajectory,google|microsoft,"Google and Microsoft moved together across 2023, with a monthly log-share correlation of -0.6681",identification,False & True -> refused,"more months, more publishers, or a stratum with enough support to settle the upstream verdict"
traj-google-snowflake,position,trajectory,google|snowflake,"Google and Snowflake moved together across 2023, with a monthly log-share correlation of 0.5455",identification,False & False -> refused,"more months, more publishers, or a stratum with enough support to settle the upstream verdict"
traj-databricks-snowflake,position,trajectory,databricks|snowflake,"Databricks and Snowflake moved together across 2023, with a monthly log-share correlation of -0.3161",identification,False & False -> refused,"more months, more publishers, or a stratum with enough support to settle the upstream verdict"
traj-meta-snowflake,position,trajectory,meta|snowflake,"Meta and Snowflake moved together across 2023, with a monthly log-share correlation of -0.5925",identification,False & False -> refused,"more months, more publishers, or a stratum with enough support to settle the upstream verdict"
traj-microsoft-snowflake,position,trajectory,microsoft|snowflake,"Microsoft and Snowflake moved together across 2023, with a monthly log-share correlation of -0.3966",identification,False & False -> refused,"more months, more publishers, or a stratum with enough support to settle the upstream verdict"
traj-nvidia-snowflake,position,trajectory,nvidia|snowflake,"Nvidia and Snowflake moved together across 2023, with a monthly log-share correlation of -0.4785",identification,False & False -> refused,"more months, more publishers, or a stratum with enough support to settle the upstream verdict"
salary-google-databricks-analytics,position,salary_gap,google|databricks:Analytics,"In Analytics roles on via Ai-Jobs.net, Google's median disclosed salary differs from Databricks's by nan",identification,False -> refused,"more months, more publishers, or a stratum with enough support to settle the upstream verdict"
salary-google-databricks-engineering,position,salary_gap,google|databricks:Engineering,"In Engineering roles on via Ai-Jobs.net, Google's median disclosed salary differs from Databricks's by nan",identification,False -> refused,"more months, more publishers, or a stratum with enough support to settle the upstream verdict"
salary-google-databricks-other,position,salary_gap,google|databricks:Other,"In Other roles on via Ai-Jobs.net, Google's median disclosed salary differs from Databricks's by nan",identification,False -> refused,"more months, more publishers, or a stratum with enough support to settle the upstream verdict"
salary-google-databricks-product-program,position,salary_gap,google|databricks:Product / Program,"In Product / Program roles on via Ai-Jobs.net, Google's median disclosed salary differs from Databricks's by nan",identification,False -> refused,"more months, more publishers, or a stratum with enough support to settle the upstream verdict"
salary-google-databricks-science-research,position,salary_gap,google|databricks:Science / Research,"In Science / Research roles on via Ai-Jobs.net, Google's median disclosed salary differs from Databricks's by nan",identification,False -> refused,"more months, more publishers, or a stratum with enough support to settle the upstream verdict"
salary-google-databricks-technical-sales,position,salary_gap,google|databricks:Technical Sales,"In Technical Sales roles on via Ai-Jobs.net, Google's median disclosed salary differs from Databricks's by nan",identification,False -> refused,"more months, more publishers, or a stratum with enough support to settle the upstream verdict"
salary-google-snowflake-analytics,position,salary_gap,google|snowflake:Analytics,"In Analytics roles on via Ai-Jobs.net, Google's median disclosed salary differs from Snowflake's by nan",identification,False -> refused,"more months, more publishers, or a stratum with enough support to settle the upstream verdict"
salary-google-snowflake-engineering,position,salary_gap,google|snowflake:Engineering,"In Engineering roles on via Ai-Jobs.net, Google's median disclosed salary differs from Snowflake's by nan",identification,False -> refused,"more months, more publishers, or a stratum with enough support to settle the upstream verdict"
salary-google-snowflake-other,position,salary_gap,google|snowflake:Other,"In Other roles on via Ai-Jobs.net, Google's median disclosed salary differs from Snowflake's by nan",identification,False -> refused,"more months, more publishers, or a stratum with enough support to settle the upstream verdict"
salary-google-snowflake-science-research,position,salary_gap,google|snowflake:Science / Research,"In Science / Research roles on via Ai-Jobs.net, Google's median disclosed salary differs from Snowflake's by 0",identification,False -> refused,"more months, more publishers, or a stratum with enough support to settle the upstream verdict"
salary-google-meta-analytics,position,salary_gap,google|meta:Analytics,"In Analytics roles on via Ladders, Google's median disclosed salary differs from Meta's by nan",identification,False -> refused,"more months, more publishers, or a stratum with enough support to settle the upstream verdict"
salary-google-meta-engineering,position,salary_gap,google|meta:Engineering,"In Engineering roles on via Ladders, Google's median disclosed salary differs from Meta's by nan",identification,False -> refused,"more months, more publishers, or a stratum with enough support to settle the upstream verdict"
salary-google-meta-other,position,salary_gap,google|meta:Other,"In Other roles on via Ladders, Google's median disclosed salary differs from Meta's by nan",identification,False -> refused,"more months, more publishers, or a stratum with enough support to settle the upstream verdict"
salary-google-meta-science-research,position,salary_gap,google|meta:Science / Research,"In Science / Research roles on via Ladders, Google's median disclosed salary differs from Meta's by -25000",identification,False -> refused,"more months, more publishers, or a stratum with enough support to settle the upstream verdict"
salary-google-meta-technical-sales,position,salary_gap,google|meta:Technical Sales,"In Technical Sales roles on via Ladders, Google's median disclosed salary differs from Meta's by nan",identification,False -> refused,"more months, more publishers, or a stratum with enough support to settle the upstream verdict"
tempting-looker,skill_demand,tempting,google:Looker,"Looker is emerging at Google, rising to 0.1382 of its skilled postings",evidence,"text says up, task-05-tables/skill-stratified-verdicts.csv records down in verdict",recompute or commit the table the sentence cites
tempting-forecast,future_demand,tempting,google,"Google's share of the panel is expected to reach 0.2335 in 2024, based on the selected model",lint,forecast (task-07 §8),the construction is unavailable at any sample size; rewrite the claim around what is measured
tempting-convergence,position,tempting,google|meta,"Google and Meta are converging on a single hiring profile, at a similarity of 0.9174",lint,convergence (task-08 §8),the construction is unavailable at any sample size; rewrite the claim around what is measured
tempting-level,hiring_patterns,tempting,google|snowflake,"Google posts more jobs than Snowflake, at 0.2403 of the common panel",lint,cross_company_level (task-06 §1.3),the construction is unavailable at any sample size; rewrite the claim around what is measured
tempting-seasonal,hiring_patterns,tempting,google:february,"Google's February dip is a seasonal pattern, 22 postings against a January baseline",lint,seasonal (task-05 §6),the construction is unavailable at any sample size; rewrite the claim around what is measured
tempting-strategy,hiring_patterns,tempting,google:Sales,Sales rose to 0.0531 of postings because Google made a deliberate shift towards commercial roles,lint,causal_strategy (task-05 §1),the construction is unavailable at any sample size; rewrite the claim around what is measured
tempting-product,tech_stack,tempting,google:Vertex AI,"Google's hiring points to a new product, with BigQuery in 0.1051 of its skilled postings",lint,product_launch (task-09 §5),the construction is unavailable at any sample size; rewrite the claim around what is measured
tempting-headcount,hiring_patterns,tempting,google,"Google's headcount grew over 2023, with 0.2403 of the common panel in H2",lint,unmeasured_construct (task-02 scope),the construction is unavailable at any sample size; rewrite the claim around what is measured
tempting-country,hiring_patterns,tempting,google:Singapore,"Google is shifting hiring towards Singapore, now 0.1210 of its postings",lint,country_split (task-05 §9),the construction is unavailable at any sample size; rewrite the claim around what is measured
tempting-share-of-all,skill_demand,tempting,google:Python,Python appears in 0.6029 share of all postings at Google,lint,bare_share_of_all (task-04 §7),the construction is unavailable at any sample size; rewrite the claim around what is measured
